xj1,xj2,xj3,xj4,xj5,xj6,xj7,xj8,xj9,xj10,xj11,xj12,xj13,xj14,xj15,xj16,xj17,xj18,xj19,xj20,xw1,xw2,xw3,xw4,xw5,xw6,xw7,xw8,xw9,xw10,xw11,xw12,xw13,xw14,xw15,xw16,xw17,xw18,xw19,xw20,xr1,xr2,xr3,xr4,xr5,xr6,xr7,xr8,xr9,xr10,xr11,xr12,xr13,xr14,xr15,xr16,xr17,xr18,xr19,xr20,yj1,yj2,yj3,yj4,yj5,yj6,yj7,yj8,yj9,yj10,yj11,yj12,yj13,yj14,yj15,yj16,yj17,yj18,yj19,yj20,yw1,yw2,yw3,yw4,yw5,yw6,yw7,yw8,yw9,yw10,yw11,yw12,yw13,yw14,yw15,yw16,yw17,yw18,yw19,yw20,yr1,yr2,yr3,yr4,yr5,yr6,yr7,yr8,yr9,yr10,yr11,yr12,yr13,yr14,yr15,yr16,yr17,yr18,yr19,yr20,zj1,zj2,zj3,zj4,zj5,zj6,zj7,zj8,zj9,zj10,zj11,zj12,zj13,zj14,zj15,zj16,zj17,zj18,zj19,zj20,zw1,zw2,zw3,zw4,zw5,zw6,zw7,zw8,zw9,zw10,zw11,zw12,zw13,zw14,zw15,zw16,zw17,zw18,zw19,zw20,zr1,zr2,zr3,zr4,zr5,zr6,zr7,zr8,zr9,zr10,zr11,zr12,zr13,zr14,zr15,zr16,zr17,zr18,zr19,zr20
0.60333884,0.60693014,0.62488663,-6.159084,-0.044292733,-0.08140286,-1.3060371,-0.51475334,0.1364695,0.16160862,0.4237737,0.29927522,0.2777274,-0.37828386,-0.15562311,-0.20111294,0.04309563,1.3311762,-2.2122424,-0.24540567,-0.47450083,-3.107225,-3.8135145,-4.7125373,-4.6586676,-5.3769283,-7.4910083,-8.154202,-9.426421,-8.581567,-8.028806,-6.4190044,-8.585009,-7.6659346,-9.63741,-7.3225164,-8.890718,-8.013244,-10.990434,-9.156475,1.9613001,0.09861118,0.89588034,-0.64837974,1.5626655,0.9473557,0.55590373,3.3188124,3.029114,1.5985786,1.5590742,3.4588733,0.49724576,2.4018333,4.058621,1.0550947,0.4026748,2.624494,0.17043723,-0.22340895,2.0277393,2.0217538,2.037316,1.7117046,2.7172692,2.6717794,1.9451393,2.3270144,2.3545477,2.274342,2.3916578,2.4227824,2.9710546,2.2061071,2.6215012,2.3868694,0.470311,-1.1661259,5.303007,2.9423242,0.7754221,4.2179847,2.4319103,1.3269863,2.1829133,1.5472529,2.7395654,2.8808231,2.3608325,3.2300773,3.971831,4.517709,3.9359179,4.221726,2.7841573,4.8109984,4.006547,5.0157027,4.007744,3.653402,2.582745,1.2000936,-2.1086931,-1.1749545,-0.3669114,-1.5269021,-0.12030864,-0.670975,-1.9554642,-1.3186066,0.801459,-5.121796,-1.774702,-0.9498995,-1.2503718,-2.4714148,-1.9985598,-3.1465795,-1.9219455,-1.3245921,9.5214405,9.48912,9.51785,5.8631005,9.383775,9.301174,9.541792,9.429264,-3.3150716,9.475951,9.42687,9.438841,10.313922,9.380183,9.395745,9.447221,9.436447,5.27293,-0.65511346,9.297583,7.3657618,6.0507464,5.8532248,5.6940103,6.3488245,5.5539494,6.3500214,0.43993455,-0.72678983,-2.592621,-0.25288755,-1.4039,-1.4911387,-2.593968,-1.5563807,-1.582717,-1.3085809,-0.9578303,-0.68249714,0.4619313,6.108207,7.342418,9.428965,9.869498,6.217143,7.1688385,9.133281,5.3037553,8.776545,5.227141,7.2634096,6.3607955,5.9717374,8.130111,6.893505,6.5750766,8.957307,7.495647,5.965752,10.308834
0.61171854,0.62249243,0.61291564,-8.307879,-0.04189853,-0.062249243,-1.1599907,-0.5518635,-1.0893618,0.15682021,0.4321534,0.30645782,0.2645593,-0.45609543,-0.20350714,-0.24779987,-0.6332663,0.985214,-1.9608512,-0.23343466,-0.8192659,-3.1120133,-4.661062,-3.9092824,-5.506215,-6.3872814,-8.151808,-7.7052894,-7.766042,-9.170541,-7.1621046,-6.605752,-6.8731546,-7.931691,-8.057237,-6.6521397,-7.9318404,-6.7862153,-9.349208,-9.962124,1.8368016,0.14888942,1.8344074,0.3847183,0.7091326,2.1169233,0.14290391,1.745822,4.701464,3.0255227,0.9545383,5.250933,3.6408327,1.6811785,2.306065,3.206285,0.91623104,2.6987143,1.84159,-0.50233346,2.012177,2.0217538,2.0409074,6.1337953,2.701707,2.701707,1.8781016,2.3174376,1.5345336,2.2803276,2.3952491,2.4251766,2.9722517,2.1402667,2.6035447,2.4335563,2.7459998,-0.47420156,6.5647516,2.9195793,1.1165959,4.338892,3.5224693,2.416348,3.2028434,2.3971944,1.8022354,2.285864,2.5763106,3.011008,4.066402,4.7774796,3.3349733,4.5245924,2.9960442,3.8269818,3.1625907,4.098724,3.1099184,3.854515,2.3768437,2.2655134,0.6171055,0.06404489,-1.751957,-0.43514615,0.57520694,-0.9020155,-1.5652094,-2.0069396,-1.8261774,-2.8868086,-1.3652935,-1.6226702,-1.5711949,-1.8632874,-3.3800142,-1.0911574,-2.4690206,-1.6382325,9.507075,9.502287,9.499893,6.180332,9.326313,9.359832,9.460389,9.459191,-4.4164042,9.442432,9.444826,9.436447,9.11682,9.260473,9.349058,9.390957,9.631575,-0.1678934,19.6956,9.260473,7.541436,5.4498014,4.2000284,7.4322004,6.5164185,6.3368535,6.072294,0.6135142,-0.33174658,-2.3939025,-0.5210382,-1.6995839,-0.1683423,-2.1414638,-0.7734768,-1.6329952,-0.06838439,-0.68489134,-1.6353894,1.6626234,7.5926123,7.4226236,8.886678,8.44375,8.55987,4.4238863,8.239047,7.105392,5.229535,6.4302273,6.9784994,6.8288617,5.3899465,8.096592,6.688801,6.0507464,8.049905,5.9861026,6.950966,7.611766
0.62249243,0.61171854,0.62249243,-1.5131354,-0.039504327,-0.06943185,-1.0175357,-0.5758055,-0.10175357,0.1340753,0.4321534,0.29688102,0.40102878,-0.34237084,-0.15083471,-0.25977087,-0.12928689,-0.5530606,0.46208093,-0.2669535,-0.08304887,-3.0581439,-6.4591074,-4.201375,-6.252009,-8.385242,-7.2348285,-9.065196,-7.2345295,-9.887604,-8.221539,-8.33676,-7.876325,-8.60925,-8.779089,-7.5020814,-7.438635,-7.399131,-7.679252,-10.970082,0.9533412,0.14050971,2.4401405,2.754978,2.1648073,1.9792566,0.04833295,-0.011522096,2.352752,2.896236,1.0957962,2.6388593,2.2881086,1.7003322,1.1520599,2.4257753,1.685967,1.093402,2.4377463,-0.53345805,2.022951,2.0169654,2.025345,3.543269,2.761562,2.6969185,2.1378725,2.3030725,3.969437,2.2922986,2.4012346,2.4251766,2.7196634,2.3521535,2.607136,2.431162,2.3880665,1.1742063,3.6545992,2.9626749,0.5479729,4.5232453,4.2419267,3.34051,4.2850223,1.7663223,0.26994625,3.447052,3.197606,3.7029321,4.8540945,5.810578,4.709245,5.542128,3.801693,4.304625,4.0472484,4.9761987,2.8250084,4.360889,4.669292,7.00723,6.7283053,4.911106,4.5256395,9.130887,6.333262,8.79091,8.164826,6.109404,8.252214,4.980538,6.8767457,7.9313917,7.8104844,7.0024414,8.79929,7.438186,4.771045,6.8611836,9.503485,9.507075,9.50947,7.2481465,9.367015,9.38138,9.365818,9.404125,-6.9015856,9.440038,9.440038,9.431659,9.288006,9.225757,9.382577,9.440038,9.437644,-4.8461637,2.140117,9.262867,6.745364,5.5910597,5.4498014,8.587403,6.6720414,5.047576,5.671265,0.007781155,0.55096567,-1.9665375,0.6060323,-0.71796125,-0.9576807,-1.6039655,-0.59510875,-1.3432968,0.4739023,-0.8417115,0.12794015,0.69776016,6.105813,8.495226,4.5340195,5.286996,7.281366,6.2566476,6.986879,9.964069,6.345233,7.9649105,5.4486046,7.2286935,7.0862384,6.2769985,8.379107,6.060323,6.1524997,7.575853,7.695563,4.672883
0.6368576,0.62608373,0.62009823,-0.9708488,-0.061052144,-0.075417355,-1.0833763,-0.5446809,-0.40222588,0.16280572,0.4357447,0.29209262,0.32800564,-0.35434186,-0.14963761,-0.2633622,-0.21787235,-1.4041992,1.5957354,-0.25857377,0.60693014,-2.9575872,-6.562058,-5.8868933,-6.217293,-8.992172,-3.8877347,-10.963798,-9.559299,-9.670929,-9.606585,-11.3702135,-9.491214,-9.331101,-9.341726,-9.488071,-8.7710085,-8.759037,-8.246678,-8.573486,-0.34192193,-0.37663785,0.7270891,1.3172598,2.8184242,1.1748048,0.77497315,0.34401685,0.14769232,3.3906386,1.6620249,1.8763059,2.860323,0.6911761,1.5016134,2.4006362,1.9589059,-0.16475101,2.5107694,0.9724948,2.0073886,2.0301335,2.0169654,1.8685248,2.7100866,2.7100866,2.0804117,2.2946928,8.098238,2.2887073,2.4191911,2.4191911,2.7112837,2.3162405,2.632275,2.4347534,2.2779334,4.16217,-9.420136,2.9626749,0.104297414,4.518457,5.7143607,2.3133974,4.9398365,0.83018947,0.6075287,3.445855,4.4342113,4.4164042,6.8017774,6.9298673,5.9135284,5.9383683,4.9568954,5.123442,5.0839376,5.311387,4.0412626,3.3768718,2.106299,1.7196354,0.23882163,1.0552444,1.5089456,-2.2439656,-1.1737574,0.6925228,-2.1493945,-3.2878375,0.45789108,-3.4195185,-3.2267854,-2.022502,-0.52133745,-1.6645688,-2.0679917,-2.1936872,-4.252701,-4.4478283,9.487922,9.49271,9.519047,19.6956,9.387365,9.485528,9.432856,9.436447,-2.287959,9.462783,9.423279,9.423279,9.323919,9.414899,9.3861685,9.405322,9.404125,-6.643012,2.9685109,9.272444,6.9213376,6.1860185,3.8229415,6.455366,3.9211037,3.8109705,6.1249666,-0.56922144,0.6239888,-0.18884265,0.9448118,-1.8468274,0.1388637,-1.0090064,-0.16534956,0.1818097,1.5369278,0.81387895,0.015412673,-0.835726,5.5898623,9.534309,6.8647747,5.825691,6.177639,9.721058,5.607819,8.031948,8.862736,6.643311,7.047931,6.2925606,8.5299425,5.761048,6.5762734,7.756615,5.345654,9.252991,7.2885485,5.8424506
0.62967503,0.60573304,0.61530983,-0.80804306,-0.029927522,-0.11731588,-1.0055647,-0.48841715,-1.1180922,0.17717093,0.4333505,0.30526072,0.31603462,0.037110128,-0.15083471,-0.24899697,-0.21667525,-1.899799,-0.3172317,-0.25258827,0.58777654,-3.0090625,-6.5213566,-4.713734,-5.7013426,-6.18138,-2.265663,-12.552351,-10.994923,-11.085902,-7.812729,-9.751733,-10.166678,-10.006267,-10.53793,-11.213094,-9.866356,-11.30168,-9.229498,-7.4099045,-1.6192285,-0.7992145,-0.2653075,0.64927757,2.6867433,1.9996073,2.0750246,1.0251672,1.3639468,3.5773861,2.2414217,3.5247138,3.0997431,3.4097922,0.75103116,2.98123,0.393098,0.5068226,2.0582652,2.1695957,2.0169654,2.013374,2.0504842,-0.8548796,2.7448027,2.6969185,2.0049944,2.322226,9.097816,2.297087,2.406023,2.4251766,2.713678,2.6825533,2.6226983,2.4467244,2.358139,5.5196824,1.7559973,2.9542952,0.8165724,4.317344,2.3660698,1.9387048,1.8417397,0.9247604,1.869273,2.6318262,5.726631,5.0772038,6.3850365,4.57517,6.931064,5.12434,5.3496943,5.571158,5.312584,5.58672,4.5213003,3.2643445,2.9753942,1.3868413,0.97384155,1.1234791,1.822586,-2.9921536,1.3640964,-0.86011696,-1.2060791,-2.7503393,-0.24839842,-1.9099745,-2.2870612,-2.094328,-0.83856916,-2.546832,-1.9794062,-1.1617863,-3.5332432,-2.132635,9.50947,9.515455,9.510667,8.99711,9.323919,9.36462,9.455601,9.522638,7.2014594,9.444826,9.437644,9.429264,9.34427,9.380183,9.3622265,9.401731,9.41849,-7.251139,11.416451,9.259275,7.1200566,6.5846534,5.1277814,5.1241903,4.6082397,3.067571,4.7099934,-0.20051439,-0.19482817,-0.59705406,0.5030816,-1.4074913,-0.21068975,-0.42122987,-0.8560767,-0.4777929,1.6686089,0.08125322,1.229273,-0.7639,7.413047,7.2550297,9.668385,9.11293,7.563882,8.501212,7.0634937,5.561132,8.022371,5.8628016,8.826823,5.903503,6.0699,4.9613843,5.0092683,6.3512187,7.390302,7.627328,5.777807,7.518392
0.61770403,0.60693014,0.6344634,1.7178397,-0.020350715,-0.093373865,-1.1097125,-0.5710171,-0.6967127,0.1448492,0.4321534,0.2873042,0.30765492,-0.051475335,-0.1604115,-0.2693477,-0.25139117,-1.0773908,0.12449849,-0.24540567,0.7374141,-3.193416,-5.732467,-1.7114053,-5.860557,-5.691766,-0.5981015,-9.058013,-8.070405,-9.609877,-7.427263,-7.555053,-7.551013,-9.2425165,-7.6804495,-9.661652,-9.7897415,-9.790938,-10.721086,-7.117812,0.87074125,-1.7090111,-0.7860463,-0.7309797,0.030376434,4.5099277,1.2250831,2.5514708,0.23627777,1.3328222,2.161216,3.9436991,1.414225,3.5737948,1.8188452,4.1627684,0.2733879,-0.07736264,1.0550947,2.186355,2.0205567,2.034922,2.0217538,-3.1449335,2.773533,2.6753707,2.084003,2.3042696,6.9478235,2.2911015,2.4263737,2.4383447,2.73762,2.5807998,2.6131215,2.4586954,2.3270144,6.1625257,4.2471642,2.9914055,0.5005378,4.0467997,1.75076,1.690905,1.6944963,1.7112557,3.1238346,2.1757307,5.4776344,3.868132,5.357924,3.4642603,5.50412,4.6263456,5.0097175,3.8209963,5.061193,3.4606688,5.621436,3.306243,4.51726,0.31304187,-0.6769605,1.4155718,0.17298107,-0.55605334,-1.6071079,-0.27234045,-3.1908724,-1.6729485,-2.7611132,-3.816956,-1.3688848,-1.6226702,-1.0145429,-1.1162965,-1.9087774,-2.9981391,-2.6629508,-3.532046,9.511864,9.502287,9.503485,12.20175,9.333496,9.2664585,9.41011,10.40969,19.6956,9.443629,9.429264,9.411307,9.363423,9.399337,9.347861,9.416096,9.408914,-3.35697,10.440814,9.265262,7.0015435,5.3384714,6.755839,4.5040917,5.8843493,3.1465795,5.810129,-0.57041854,-0.76225394,-1.165677,-0.6940192,-0.61141926,-1.246182,-0.95513684,-1.7120038,-1.6329952,0.8892963,0.020201078,0.24765024,-0.9326912,7.0383544,5.831677,11.089344,10.7769,9.430161,4.051588,6.667253,5.9106855,6.9342065,7.9146323,8.539519,4.8548427,7.2526355,6.509236,6.880337,5.1517234,9.251794,5.999271,6.3141084,7.351995
0.61770403,0.61411273,0.62728083,-1.4568717,-0.020350715,-0.06464344,-1.0534488,-0.62249243,-0.09935937,0.15442601,0.4249708,0.2873042,0.31364042,0.004788403,-0.142455,-0.2669535,-0.21906945,-2.0171149,-0.061052144,-0.24301147,0.49081135,-3.8027406,-4.807108,-4.139126,-4.0026565,-6.279542,-0.4209306,-7.3353853,-7.0792055,-8.275109,-6.899341,-7.1432505,-6.7657146,-8.153154,-7.3488526,-7.9486,-6.927473,-7.877971,-8.092252,-8.966136,1.4417584,0.021996727,0.33444005,-1.1200374,0.17402853,1.3364135,0.9473557,2.136077,3.207482,0.5247791,4.0681977,2.5634418,0.75462246,2.9489083,1.5099931,2.24621,2.0474913,1.8439842,-0.49515083,2.8220155,2.001403,2.025345,2.0325277,0.8761282,2.771139,2.716072,2.0923827,2.380884,1.6374843,2.3138463,2.416797,2.417994,2.7316346,2.6334722,2.6466403,2.4634838,2.3677158,6.502502,1.3094786,2.973449,0.811784,3.7427359,2.3624785,1.1270704,3.0113072,1.8381484,3.376423,1.8596961,4.2266636,3.3390136,4.564246,3.6306572,4.5476365,4.019416,4.3477206,3.0189388,4.4973583,3.4786255,4.4614453,4.2830772,2.4271219,0.84575176,1.4981717,-0.46866497,0.492607,-2.131438,-0.65900403,-1.7363948,-0.32621,-1.8130093,-0.54168814,-2.0332758,0.13946225,-2.8389246,-1.3808558,-2.545635,0.15981296,-1.7076644,-1.5520413,-3.141791,9.504682,9.513062,9.513062,7.090129,9.323919,9.337088,9.457994,14.336181,4.6372695,9.465178,9.420884,9.425673,9.334693,9.355043,9.35265,9.412505,9.462783,8.886977,9.02225,9.259275,7.005135,5.2965727,6.0483522,6.1285577,5.93343,4.3795934,7.1125746,0.7846996,-1.5810709,-1.1345524,-0.9358336,-0.15053543,-2.1763294,-1.0544962,-1.8017864,-0.59391165,-0.61067104,1.2256817,-1.1014824,1.1358991,6.39192,5.8149176,5.4857144,7.864354,8.028357,7.433398,7.5375457,5.514445,4.055179,8.333617,5.5683146,7.781754,8.959702,8.350377,7.5447283,8.302493,6.815694,4.8416743,10.513538,6.9090676
0.62847793,0.60812724,0.60693014,-0.9552865,-0.04309563,-0.075417355,-1.0474633,-0.6967127,1.0019734,0.16280572,0.4225766,0.31364042,0.29328972,-0.02873042,-0.18555063,-0.24660277,-0.23343466,-1.8088194,-0.17836803,-0.2633622,0.7493851,-3.8374565,-7.0289273,-4.9184384,-5.175815,-8.142231,-2.6894367,-8.667758,-6.5848026,-7.668179,-7.3195233,-9.436895,-7.2840595,-7.810784,-7.01965,-7.1321774,-6.8340993,-8.300548,-7.464971,-11.486033,0.6253356,0.2733879,0.595408,1.0503063,0.89109194,-0.96202016,2.885462,1.9852421,2.9596822,1.2226889,2.2988825,2.245013,1.1472715,4.356699,2.3659203,0.2769792,2.045097,2.7633576,-0.22700025,2.5634418,2.0181625,2.022951,2.0397103,0.82345575,2.73762,2.7172692,2.0863972,2.309058,-6.0371294,2.3006783,2.429965,2.4144027,2.736423,2.5927708,2.595165,2.4682722,2.3270144,6.892757,2.499397,2.98542,0.8417115,3.5739446,2.6437972,2.3708582,3.4422636,2.0907366,3.1226375,2.7682958,3.3060932,4.0141783,4.9485154,5.1018944,4.0113354,4.675427,4.1561847,3.2188547,4.242376,3.2248402,3.9754224,4.5213003,3.0759506,-0.741604,1.2731167,-0.025737667,-0.006584055,-0.587178,2.6856956,-2.1948843,-2.4366987,-3.3129766,-1.1869255,-2.5611973,-2.2679076,-1.3784616,-1.9686323,-1.0815806,0.12509704,-2.4678235,-0.9175778,-1.8764555,9.505878,9.50947,9.502287,6.0031614,9.311948,9.383775,9.425673,11.5672865,11.806706,9.471163,9.434052,9.42687,9.350255,9.36462,9.346664,9.417294,9.419687,19.6956,9.262867,9.234137,7.0398507,6.1740475,6.5427547,6.461352,7.911041,6.093842,7.3029137,1.7100586,0.058957215,-0.5587468,-1.1225814,0.32231942,-1.9416976,-1.3406034,-1.9454385,-0.31498715,-0.17971477,0.24046764,-0.7483377,0.07047931,7.521983,8.618527,4.11264,4.421492,5.7263317,10.626065,7.2071457,7.972093,6.407482,6.109404,6.449381,7.436989,7.3950906,6.5391636,6.0758853,10.398617,4.835689,7.3268557,6.7881603,5.48332
0.61770403,0.60932434,0.60693014,0.47165772,-0.009576807,-0.06344634,-1.091756,-0.688333,0.10295067,0.17597382,0.4417302,0.30166942,0.30406362,-0.04189853,-0.15203181,-0.24540567,-0.25857377,-4.2640734,-0.089782566,-0.24061728,0.8535329,-3.0054712,-5.399673,-6.348974,-4.4407954,-10.191668,-3.368193,-10.177302,-8.922741,-8.467842,-8.149115,-10.750115,-8.795998,-8.715792,-8.9781065,-8.888324,-7.2327337,-8.86558,-7.6708727,-9.883115,0.16564883,0.89588034,0.6085761,0.6265327,2.0379145,0.20754737,3.0805893,3.5905545,2.4138043,1.3256396,-0.84590137,3.680337,0.6875848,4.035876,3.9616556,1.6608278,1.3412019,1.5578771,-1.1547534,0.8372224,2.0277393,2.0325277,2.0444987,2.6741736,2.7424085,2.7112837,2.0816088,2.0911856,1.5872061,2.309058,2.4215853,2.4347534,2.7304375,2.5987563,2.6454432,2.4742577,2.3413796,3.4822168,2.346168,2.9937997,0.490961,3.6337996,5.1385555,3.6984432,4.505289,1.9913772,2.4797945,3.4207156,5.023933,4.8222213,5.8212023,6.667702,5.720795,5.0632877,4.9750013,4.2028713,4.3237786,3.008165,3.878457,3.3457472,4.26946,-0.3286042,-1.134253,0.3812766,0.6194997,-2.0153193,0.46746787,2.5300727,-1.8884265,-2.8951883,-1.1426327,-2.143409,-2.5983074,-2.3038206,-3.5380316,-3.0352492,0.741604,-2.794632,-4.575918,-1.8106151,9.505878,9.50947,9.505878,11.317092,9.424476,9.345467,9.484331,12.775161,7.850288,9.475951,9.425673,9.435249,9.349058,9.347861,9.38976,9.400534,9.496302,1.9485809,9.408914,9.250896,7.37863,7.1784153,4.0264487,8.1480665,5.6221843,3.366846,7.6440873,2.212841,0.58209026,-1.0543466,1.0429741,-0.31334114,0.094570965,-0.85098904,-0.90036947,-0.21203649,-0.09711481,-1.1242273,-0.45265377,-0.6681319,8.082227,9.755774,7.6249337,5.9489927,5.9489927,8.668806,6.180033,7.1113777,7.7087307,5.445013,9.640852,6.9186444,6.0663085,6.157288,7.711125,6.771401,7.5650787,7.4549456,5.5683146,9.03871
0.60932434,0.60693014,0.62728083,1.5179238,-0.047884032,-0.074220255,-1.0187328,0.15442601,-0.91937345,0.18435353,0.4405331,0.30047232,0.31244332,-0.034715924,-0.1328782,-0.25019407,-0.25378537,3.0789435,-0.025139118,-0.24061728,0.7781156,-4.0409636,-5.042937,-6.2496147,-4.273201,-9.131037,-3.453187,-11.516858,-10.767473,-8.941895,-10.406847,-8.079383,-9.6172085,-10.0625305,-11.294497,-10.199149,-8.578275,-9.855581,-8.409484,-8.106617,0.37873277,1.3579613,0.66124856,0.49126026,0.33803135,2.0223522,0.34042555,3.7868788,3.1536126,2.353949,-0.319177,4.3279686,2.483236,1.1185411,2.8291981,1.7984943,0.5463269,1.1017817,1.6991351,0.027982233,2.0193596,2.022951,2.0337248,-0.27787703,2.7795186,2.701707,2.0588639,1.9128175,1.5141829,2.310255,2.4467244,2.429965,2.73762,2.6346693,2.643049,2.4455273,2.3306057,-4.2342954,2.3605332,3.0057707,0.7890391,3.2722752,2.9442697,3.5116954,2.9095535,0.7918822,2.308609,3.779846,6.0989294,5.4746413,6.0881557,6.0895023,6.5898905,5.1123686,5.407155,5.2024508,4.322582,3.8557122,4.9522567,2.7938838,1.6023195,-0.32621,-0.7068881,-1.5915456,0.5883751,-0.42676646,-1.0301052,-1.0600328,-2.1721394,-2.0871453,0.15502456,-4.222773,-1.8070238,-1.0827777,-1.9602526,-4.7375264,0.65421563,-2.8257565,-1.2826935,-1.2599486,9.502287,9.496302,9.487922,10.060136,9.393352,9.39814,9.402928,9.24132,9.9033165,9.696218,9.420884,9.429264,9.35265,9.371803,9.359832,9.387365,9.407717,17.064373,9.468768,9.274838,7.208642,5.1050367,3.9187095,4.63697,5.099051,2.6581624,6.911462,1.2707225,-1.1620857,0.14993688,1.1315596,-1.6840216,-1.3551182,0.15936404,-0.9219173,-0.91593176,1.4507366,-1.963395,-0.58912325,-0.5292682,5.4917,7.542334,9.584588,9.3822775,6.8563952,5.6305637,8.764574,6.0890536,7.5866265,5.999271,7.5148005,6.130952,5.6640825,8.962095,6.7522473,4.9865236,9.578603,8.643666,5.569512,8.826823
0.6440403,0.61171854,0.6368576,-1.3072342,-0.04189853,-0.10055647,-1.0893618,-0.21787235,0.34955344,0.1604115,0.439336,0.29807812,0.320823,0,-0.16759412,-0.29209262,-0.29688102,-0.842759,0.016759412,-0.24301147,1.2569559,-5.8677397,-3.2987611,-4.769998,-3.7165492,-6.9630866,-3.1539118,-8.014141,-10.978163,-9.59192,-10.057293,-6.900239,-9.939229,-9.572916,-9.648483,-10.309283,-11.2933,-9.443779,-9.74904,-7.5044756,-0.6052841,1.5686511,3.371485,0.87193835,0.74145436,2.2593782,1.1113585,0.66364276,3.5378819,2.7489924,-0.040252518,3.3571198,2.420987,0.38232407,1.484854,2.8327894,0.5271733,2.2845173,2.5478795,0.2853589,2.0026002,2.0289364,2.0169654,-1.1888708,2.7304375,2.6849475,2.0804117,0.7456442,1.8840871,2.285116,2.4515128,2.429965,2.7340288,2.653823,2.6250925,2.4706664,2.3126493,3.3265936,2.321029,3.008165,0.5041291,2.4690206,3.3381157,1.407192,2.698864,0.9283517,2.1936872,3.2878375,5.0371013,6.894403,4.6276927,4.9857755,4.837335,6.066458,3.8018427,5.7854385,5.0216885,4.692486,5.222801,2.845359,1.714847,0.10594343,1.9686323,0.27353755,0.011372458,-0.006584055,0.29628247,-1.3210008,-1.3485341,-3.2758665,-2.4211364,-1.3892355,-2.7395654,-0.6099229,-2.4809916,-1.5113398,0.18854338,0.19812019,-2.9538465,-3.518878,9.51785,9.504682,9.499893,9.806351,9.355043,9.373,9.407717,3.2330701,9.677064,10.712556,9.42687,9.446024,9.328708,9.36103,9.365818,9.368212,9.417294,6.9069724,9.419687,9.271247,6.9261265,4.8859673,5.1397524,3.520075,5.301361,2.9083564,6.570288,-0.53091425,-0.8113351,0.10564415,-0.61261636,-2.7398646,-1.1025299,-0.36017773,-0.6190508,-0.24316111,0.82225865,1.9451393,-0.2240075,0.82824415,4.597466,3.5751417,5.8388596,8.200739,8.693945,4.8895583,9.336788,9.024344,6.405088,6.7893577,6.139332,5.7574563,6.949769,8.10138,6.821679,5.113416,8.919,5.575497,8.450933,6.591836
0.62728083,0.60932434,0.6739678,-0.34596214,-0.05267244,-0.08140286,-1.0079589,-0.5805939,-0.16160862,0.14604631,0.4357447,0.29807812,0.2837129,-0.017956512,-0.12449849,-0.25737667,-0.24061728,0.4177882,-0.035913024,-0.23343466,1.1827357,-6.4004493,-4.983082,-5.624728,-4.487482,-5.9970264,-3.2113726,-7.665785,-8.903587,-7.0289273,-8.473529,-6.557868,-8.70023,-7.3941927,-9.103803,-7.5523596,-9.716718,-7.831284,-10.303297,-8.938602,-0.40417117,-1.4983213,1.5602713,2.279729,1.8834885,-0.54782325,0.10100538,1.2346599,2.3431752,2.5993547,1.8332103,2.7465982,1.6680104,0.9305963,1.2849381,2.447323,-0.34551322,2.565836,1.5878047,-0.7860463,2.0277393,2.0205567,2.0049944,-1.072752,2.726846,2.6813562,2.0780175,0.6678326,1.7440263,2.4024317,2.4574983,2.431162,2.73762,2.6478374,2.595165,2.4574983,2.37011,1.2017397,2.3617303,3.0141504,0.98775786,2.4893713,2.5959132,0.4938041,1.8357542,1.0444705,2.1374235,2.331354,3.19596,5.125088,4.111742,4.1897035,4.29026,5.9730844,3.3469443,4.5248914,3.4905965,3.3804631,5.1258364,4.043657,3.9438488,1.9841946,1.1186907,1.881244,-0.6218939,0.26276365,-1.5053543,-0.96546185,-1.8848352,-3.3249476,-0.16220717,-1.3401544,-3.0160956,-3.0137014,-1.4885949,-2.7910407,-0.55485624,-3.4865563,-2.1529858,-2.6749218,9.496302,9.502287,9.490316,9.413702,9.355043,9.416096,9.345467,-2.0102315,9.528624,10.810719,9.526229,9.454403,9.341876,9.38138,9.374197,9.452009,9.390957,9.770438,9.444826,9.250896,7.355736,5.8149176,6.299743,5.4258595,5.7502737,3.9223008,6.7091517,-0.3405752,-1.071106,-1.6205753,-0.84964234,-1.9114708,-0.8738836,0.0947206,-0.7722797,-1.404349,-0.73516953,1.0820296,-0.0935235,1.7966987,8.874707,7.3831196,4.040814,4.5902834,8.122928,6.43741,7.3747396,7.9194207,7.2969284,7.9661074,6.4386067,6.725911,7.6440873,5.4605756,8.555081,7.0754647,6.417059,6.1740475,7.453748,5.891532
0.62728083,0.61770403,0.6512229,-1.4449008,-0.044292733,-0.061052144,-1.1504139,0.020350715,-0.12090719,0.5303157,0.4345476,0.29688102,0.33039984,-0.007182605,-0.10534488,-0.21308395,-0.22625206,-0.30286652,-0.022744916,-0.29568392,0.80924016,-6.1299047,-5.827038,-5.5122004,-3.5968392,-7.7208514,-3.6650739,-7.3509474,-7.0552635,-6.95351,-7.6618943,-7.649624,-6.9955583,-6.7740946,-7.5164466,-6.859238,-8.417864,-8.06831,-9.470116,-10.634894,-0.63521165,-1.1475708,-0.37663785,0.21592706,3.5582325,0.76898766,0.98566294,1.4082395,0.48168346,3.206285,1.8272249,-0.10848726,3.978415,2.1181204,1.402254,3.2613516,1.2298715,1.3615526,1.8379987,1.4645033,2.0193596,2.025345,2.0265422,0.81387895,2.759168,2.6969185,2.1354783,2.760365,1.7631799,1.88289,2.443133,2.428768,2.7459998,2.643049,2.607136,2.477849,2.3126493,2.4215853,2.3413796,2.9949968,1.2044331,2.2152352,3.4889505,1.0265139,3.9630024,1.7411832,2.0033484,3.2974143,3.1540616,4.5109754,4.263774,5.607071,3.6605847,4.7807717,3.710863,3.5241153,2.7196634,4.2615294,3.3948283,4.7032595,2.594716,1.4323312,1.4107834,1.3281834,1.8357542,-1.3198037,0.6889315,-3.0424318,-1.4754268,-0.97503865,-2.3959973,-0.44592008,-1.0133458,-2.0931308,-2.1649568,-2.5731683,-0.9475053,-1.7603368,-3.566762,-1.8022354,9.483133,9.514258,9.51785,9.035418,9.353847,9.353847,9.356241,-2.8601732,9.577704,11.57806,9.477148,9.450812,9.315539,9.402928,9.35265,9.339481,9.42687,9.74889,9.423279,9.259275,7.2444053,6.30932,7.792528,8.142081,6.1524997,4.3999443,6.4122705,-0.4985925,0.48392802,-1.0986392,0.09008184,-0.93209267,-0.06943185,-1.4422072,-0.46701896,-1.5647604,-0.121056825,0.31468788,-0.29942486,1.1131542,7.9170265,12.566566,8.850765,7.4884644,5.1038394,8.482059,6.1764417,6.8121023,7.923012,6.6492968,7.7290816,9.18715,7.244256,4.7387238,6.761824,7.4585366,6.10701,9.484032,6.941389,6.0507464
0.6356605,0.60573304,0.6404489,-0.5805939,-0.062249243,-0.031124622,-0.9983821,-0.6536171,-0.044292733,0.9816227,0.4321534,0.30765492,0.33399114,-0.023942016,-0.1364695,-0.22026655,-0.25258827,-0.1388637,-0.034715924,-0.2885013,0.37544075,-6.5704374,-5.769577,-5.4511485,-5.6402903,-9.676914,-4.0206127,-9.39799,-7.4874167,-7.650223,-8.307132,-9.973197,-8.429685,-6.804022,-8.33287,-7.4805336,-7.6002436,-8.666861,-7.4565916,-9.510817,-0.7297826,-0.9823709,-0.5550059,-0.96441436,0.9210195,1.2262802,1.5243583,3.1380503,1.6344916,2.4736593,1.1400889,1.1795932,2.3335984,4.3555017,1.7685668,3.4157777,1.9672856,0.88869774,2.160019,1.925387,2.012177,2.0385132,2.024148,1.3453918,2.7436056,2.7124808,2.2336404,5.4275055,1.8457799,0.8629601,2.453907,2.440739,2.7531824,2.6262896,2.6226983,2.4598925,2.3497593,2.061258,2.3545477,2.973449,0.94451255,2.0320787,3.7846344,1.46585,3.1561563,1.4730326,2.3038206,4.0707417,4.978443,4.5612535,4.869507,6.492925,4.5979147,4.92203,4.0795703,4.17055,3.1997008,4.656573,3.366098,4.421941,2.1853075,0.42197806,0.84575176,1.4311341,0.25438392,1.8273745,-1.1785458,-0.074818805,-1.8908207,-2.7443538,-2.2296004,-1.0420763,-2.3948002,-1.7842789,-3.9713821,-0.24001873,-0.5847838,-1.9698294,-0.85054016,-2.3517046,9.5214405,9.507075,9.502287,9.723751,9.376592,9.377789,9.407717,-2.7883472,9.550171,12.564471,9.035418,9.444826,9.264064,9.339481,9.406519,9.356241,9.454403,9.5609455,9.41011,9.258079,7.1953244,6.2805896,7.0874357,8.532336,7.713519,3.472191,6.627749,1.1965023,1.2692262,-0.8017583,0.7065888,-1.6252141,-0.61171854,-1.6014217,-0.18210897,-1.2906244,0.94675714,-1.6365865,-0.29224226,0.16744448,6.925827,9.897031,11.023503,8.96449,7.3986816,7.8547773,4.4837413,4.9182887,8.507197,6.7654157,7.5614877,8.330027,6.067506,5.6604915,5.2439003,6.3643866,6.294955,8.80767,5.107431,7.615357
0.62129533,0.60214174,0.61890113,-0.33758244,-0.05746084,-0.050278235,-1.033098,-1.0749966,-0.073023155,2.2050598,0.5267244,0.2896984,0.32321724,-0.047884032,-0.14844051,-0.18555063,-0.25857377,-0.24061728,-0.046686932,-0.30406362,0.19467853,-7.2372227,-5.4068556,-5.6929626,-6.2017307,-9.97619,-3.690213,-11.039215,-9.257929,-9.892392,-9.426421,-10.684724,-8.643966,-8.144774,-9.628133,-10.061483,-8.706365,-8.933814,-8.231115,-8.2454815,-0.38980597,-1.9352632,-1.3654431,-0.7261913,-0.995539,2.3587375,-0.96321726,2.9345431,1.4130279,0.65286887,2.4844332,0.6109703,0.6253356,3.834763,2.4485202,2.7226563,2.4269724,0.571466,0.21832126,1.8487726,2.0097828,2.0193596,2.0145712,1.8960581,2.7232547,2.6969185,2.2515972,7.2901945,1.811064,-0.9506477,2.4096143,2.4395418,2.748394,2.581997,2.6131215,2.5269303,2.3270144,2.0816088,2.3389854,2.9255648,-0.37229836,1.5269021,3.743933,2.6282349,4.1138372,1.4730326,2.532467,4.538808,5.608118,5.457882,5.4465094,6.1457663,6.0440125,5.770325,5.1916766,5.303007,3.9622543,4.186112,4.128651,3.556437,2.3373394,-0.44592008,0.26994625,-0.30346507,0.492607,1.6944963,-2.6282349,-2.5432408,-2.7192147,-1.5759833,-1.3628993,-3.816956,-1.3664906,-3.769072,-2.4259248,-0.95827925,-3.032855,-4.3221326,-1.7423803,-2.819771,9.510667,9.50109,9.515455,10.279205,9.347861,9.402928,9.841066,-1.6499043,9.550171,11.9096575,10.792762,9.408914,9.23294,9.39814,9.365818,9.419687,9.447221,9.485528,9.402928,9.250896,6.5788174,4.672883,3.2040405,6.306926,4.4993033,1.2096704,6.711546,-0.6099229,0.9448118,0.6928221,-0.34685996,-1.7509097,-0.36152446,-1.3440449,0.6450877,0.17342998,1.1215339,-1.2894273,-0.88959557,-0.6262334,7.2023573,2.7012582,8.805275,8.93935,9.363124,6.7642183,8.522759,5.7023897,6.3871317,9.274539,8.276156,4.8320975,7.474099,8.22109,5.480926,7.1784153,7.626131,6.678027,9.173983,7.7853456
0.61052144,0.60812724,0.62009823,-0.36990416,-0.075417355,-0.090979666,-1.0295067,-0.91099375,-0.06823475,2.136825,0.5410896,0.2813187,0.33279404,-0.021547815,-0.16280572,-0.3184288,-0.25139117,-0.25139117,0.021547815,-0.320823,0.028281508,-7.19293,-5.411644,-4.8083053,-5.7827454,-7.2611647,-3.1419408,-11.034427,-10.386795,-11.479748,-8.145523,-8.525154,-9.671079,-9.722554,-9.040356,-11.760169,-9.954941,-8.721927,-9.057116,-6.9346557,0.33084875,0.5499182,2.6448448,0.22909518,0.1237503,0.13452421,0.77377605,0.65885437,2.1408653,1.1460744,3.4899979,1.4980221,0.89109194,3.5115457,2.980033,0.77018476,2.7837083,1.0527005,-0.24974516,2.294094,2.0181625,2.0397103,2.0313306,1.5548843,2.7424085,2.704101,2.2120926,7.37878,1.8613422,-1.8221371,2.333,2.428768,2.7052982,2.6382606,2.5424926,2.486229,2.322226,2.0588639,2.3617303,2.93993,-1.0295067,0.8912416,1.5711949,1.8608932,1.6023195,0.943914,2.6617537,2.4103625,5.6212864,5.906795,6.12766,4.40997,6.581511,5.645827,5.833323,4.788254,5.030068,5.0995,4.9857755,2.986617,1.2539631,-0.13467385,1.5628152,0.55246204,-0.050876785,0.40162733,0.38965634,-2.9215245,-1.073201,-1.4742297,-1.4478935,-1.6585833,-0.39564183,-1.8118122,-1.7830818,-0.09995792,-0.99898064,-0.83976626,-0.5129577,-2.618658,9.527427,9.510667,9.487922,8.174703,9.38976,9.369409,10.079289,5.554249,9.5453825,6.0713964,16.482582,9.41849,9.582493,9.416096,9.371803,9.393352,9.446024,9.444826,9.371803,9.256882,7.0229416,4.2730513,4.648941,3.6541502,3.8672342,1.1330559,6.7043633,-0.4758476,0.39653966,-1.0717045,-0.4019266,-1.719785,-0.16639702,-0.20201077,0.82225865,-1.167323,0.80190796,-0.31618425,0.4870704,-0.4801871,8.5862055,4.768651,1.608305,6.1369376,8.796896,8.818443,10.49199,7.8607626,4.6166196,6.4960675,7.2753806,4.624999,8.576629,7.6069775,5.861604,9.144054,7.6404963,6.2925606,9.425373,6.4828997
0.58657944,0.61291564,0.59735334,-0.35673606,-0.044292733,-0.049081136,-1.021127,-2.0973208,-0.053869538,1.484405,0.59974754,0.30885202,0.35673606,-0.009576807,-0.15083471,-0.2765303,-0.22505496,-0.2717419,-0.09696517,-0.32920274,0.4173393,-5.8593597,-5.2021513,-3.3490393,-5.386505,-7.0408983,-2.8498483,-9.612271,-8.0728,-9.456348,-7.597251,-7.020398,-7.768885,-10.391733,-8.14253,-9.541942,-10.095002,-8.972121,-9.890298,-7.5128555,-0.21622634,1.1855787,1.675193,1.2298715,-0.2677017,-0.6807015,2.306065,1.8583494,2.5490766,1.1664251,-0.06539164,2.4533086,0.64089787,3.017143,3.0674212,2.1097405,2.611326,2.0642507,1.4537294,1.8236336,2.0552726,2.025345,2.025345,1.5058032,2.7172692,2.7184663,2.0157683,6.1038675,1.8637364,-0.42631754,1.3286324,2.3988404,2.510171,2.6119244,2.583194,2.4742577,2.3533506,2.0875943,2.4191911,2.951901,0.7565677,0.6398504,1.8106151,0.39085343,1.9303252,1.6753427,2.581548,2.236783,4.4816465,4.2521024,5.580585,3.4690487,5.1617494,6.0133367,4.697274,2.8142345,5.9398646,5.142596,5.4658127,3.970634,0.75357497,-2.2619221,-0.40641573,0.46746787,-2.4462755,1.240795,1.3652935,-0.6039374,-1.6502035,-3.8456864,0.30226797,-2.9777884,-2.6617537,-2.1398177,-3.8025908,-0.729633,-0.46746787,-1.1378443,-3.245939,-1.9758149,9.505878,9.516652,9.493908,10.263643,9.3622265,9.369409,9.699809,19.6956,9.516652,2.1760302,13.629891,9.465178,9.406519,9.295189,9.453206,9.456798,9.402928,9.446024,9.411307,9.247305,7.334188,4.6764746,6.393117,3.3871968,5.881955,2.3122003,6.855198,-0.4938041,-1.4972739,-0.6000468,-1.6636709,-0.028281508,-1.6244658,-0.6473323,-0.04563947,-1.4965256,-0.28505963,-0.2323872,0.84141225,-0.49574938,6.994062,11.715427,5.501277,4.325724,6.996456,8.689157,5.9837084,8.781333,6.6145806,6.18123,7.3112936,7.131728,6.7306995,5.28939,6.5188127,7.0886326,6.11539,5.4857144,6.815694,5.2247467
0.581791,0.60812724,0.6560113,0.2621651,-0.04070143,-0.045489833,-0.94810385,-0.415394,-0.06344634,0.051475335,1.2054806,0.30645782,0.076614454,-0.023942016,-0.12090719,-0.2741361,-0.23463176,-0.23822308,-0.05267244,-0.37229836,0.96680856,-5.7875338,-4.7304935,-3.6770449,-4.651485,-7.7531734,-3.0533555,-7.8776717,-6.966678,-7.9827175,-7.005883,-7.805696,-6.98239,-8.459613,-7.639748,-8.289774,-7.104644,-10.254216,-7.843255,-9.325266,-0.08215105,0.4074632,0.6121674,0.8384195,1.0179846,0.14410101,0.6385037,4.1747394,2.3120506,2.387468,-0.307206,2.2414217,2.3647232,1.4561236,3.43134,1.9577088,1.9672856,1.3028946,1.9205986,0.10459669,2.024148,2.037316,2.0169654,3.034501,2.7184663,2.6813562,2.0061915,-2.567931,1.8433857,1.9152117,-1.548001,2.3401825,2.049287,2.6143186,2.5520694,2.4730606,2.3617303,2.1007624,2.4467244,2.953098,1.1659763,1.3186066,2.1721394,2.1110873,2.8149827,1.917157,2.5504234,2.3600843,3.3444004,3.015497,4.9353476,4.7990274,4.456657,4.640262,4.6290393,2.499397,3.9993644,3.9191585,4.9750013,4.994155,-1.6849195,0.207697,-1.7363948,-0.99419224,0.55006784,0.86729956,0.95947635,-0.6183026,-2.710835,-1.1330559,0.9259575,-2.8401217,-1.407192,-2.082357,-3.530849,-2.2798786,-0.9283517,-2.1362264,-2.1338322,-1.3437457,9.516652,9.50947,9.487922,9.127595,9.3382845,9.377789,7.82874,5.034707,9.542989,-2.6183589,7.4971433,10.371383,9.594464,9.444826,9.429264,9.436447,9.417294,9.504682,9.413702,9.363423,7.4215765,4.5914803,7.2646065,6.6564794,5.762245,2.949058,6.3165026,1.7340006,-0.9238626,-0.27084407,-2.343624,-1.2313678,-1.79206,-0.86400753,-0.5101146,-0.9698013,-1.5515924,-1.0320506,1.289128,-0.26231474,6.633734,9.771336,11.319187,6.7606273,5.9944825,6.0806737,5.7502737,5.6066217,6.9306154,4.3185415,7.33763,8.556278,5.2917843,8.735844,7.9876556,6.084265,8.321647,5.881955,5.6521115,9.926959
0.59855044,0.59974754,0.59974754,-0.22744916,-0.06344634,-0.005985504,-0.63087213,0.8319851,-0.049081136,-0.39863458,1.7405846,0.2681506,0.18794483,-0.06943185,-0.12569559,-0.260968,-0.24061728,-0.11252748,-0.025139118,-0.33039984,1.2241852,-6.171803,-5.28954,-4.9902644,-5.920412,-9.612271,-3.6483145,-9.245958,-7.786692,-7.513454,-7.376984,-9.037513,-7.098509,-7.8838067,-8.220342,-7.9426146,-6.2331543,-8.7075615,-7.9426146,-12.388647,0.06628946,1.6572365,1.852364,1.9122189,1.0658686,0.10220248,-1.3151649,2.3958478,2.5167549,2.471265,0.88989484,3.327192,2.9429228,0.64568627,2.9237692,2.2893057,0.7055413,1.1688193,2.3264158,0.06748656,2.037316,2.0313306,2.0624552,2.1462522,2.689736,2.65502,1.5129858,-7.0750155,1.8649335,3.7192428,-0.7794623,2.417994,2.1594203,2.6945243,2.5125651,2.4215853,2.404826,2.1294928,2.4754548,2.9554923,-0.15682021,1.7340006,2.6007016,2.0428526,2.9622262,2.4666264,2.6761189,3.305794,4.0052004,3.1555579,5.324405,5.5196824,4.456657,3.9303813,4.816984,2.929156,3.5851674,4.102315,4.2890625,4.5272856,-0.18614918,0.55725044,2.6114755,-0.7739257,-0.8230068,-1.1821371,1.002572,-2.3756466,-1.7675194,-2.393603,-0.3645172,-0.14544775,-1.9375077,-0.24839842,-1.3628993,-0.14903906,-0.7978677,-2.5480292,-2.1721394,-1.0205284,9.505878,9.49271,9.513062,9.237728,9.388563,9.394548,5.7553616,10.1582985,9.54658,-4.8916535,-0.5868787,12.514193,9.756073,9.378986,9.383775,9.428067,9.453206,9.496302,9.419687,9.321525,6.896049,6.168062,8.513183,7.903858,5.9717374,3.719991,5.8185086,0.75836337,-0.6461352,0.31932664,-2.0730793,-0.63521165,-1.6867151,-0.8747814,-0.08035539,-0.72678983,-0.89677817,-1.0715549,-0.124648124,-1.3085809,7.6045833,3.6218286,7.543531,9.376292,6.535572,6.3009405,7.9409685,6.857592,8.188768,7.9768815,6.7989345,6.6864066,6.6002154,8.693945,6.359598,5.5778913,8.56825,8.884284,5.373187,8.557475
0.59017074,0.6548142,0.59855044,0.06344634,-0.08259996,-0.039504327,-1.4939818,-0.78888947,-0.061052144,-2.160767,1.1994951,0.46447513,0.107739076,-0.02633622,-0.15083471,-0.36990416,-0.22385786,-0.19871874,-0.04070143,-0.40102878,0.35149872,-6.1610293,-3.1455321,-6.6386724,-6.2711625,-10.841694,-4.2205286,-9.6505785,-9.5177,-8.702175,-7.801955,-10.090961,-8.979155,-7.3499,-8.441806,-9.491663,-7.1824555,-8.349628,-7.511658,-9.993248,0.4026748,-0.75851303,3.3068414,2.021155,1.4992192,1.3974656,-0.8123826,0.9258079,4.720618,2.8052561,0.5271733,2.2521956,2.1348798,0.4122516,2.4173956,3.0482676,0.13093291,3.0135517,0.89588034,0.7115268,2.0325277,2.0277393,2.060061,2.713678,2.656217,2.6849475,3.282301,1.9798552,1.8613422,6.9861307,-0.954239,1.80029,2.0433016,2.5724201,2.5029883,2.4634838,2.4263737,2.1486464,2.486229,2.8848634,-0.003591303,1.775899,4.683657,3.0520086,3.41473,2.8736405,2.8616695,3.627814,4.835988,4.2521024,6.224625,6.8783917,5.6860795,4.9179897,5.2012534,3.604321,4.302231,2.6502316,3.913173,3.1625907,0.14664486,0.7212533,0.3693056,1.4790181,-1.7675194,-0.7368156,0.6242881,-0.52732295,-0.4842273,-2.677316,2.782661,-1.7447745,-2.556409,-3.104681,-3.4925418,-1.039682,-0.98820674,0.25079262,-2.4821887,-4.2143936,9.516652,9.516652,9.504682,9.36462,9.371803,9.38138,16.617855,9.48074,9.544186,-3.9878423,-7.877223,14.888044,9.425673,9.204209,9.388563,9.430461,9.383775,9.481936,9.423279,9.183859,6.904429,7.1927805,5.3181205,8.556278,7.6452847,2.1374235,5.313332,2.7252002,0.1822586,0.573112,-1.1968015,-0.24615386,-0.25139117,0.080505036,-0.11507132,0.7731775,0.029777884,0.1997662,-0.61067104,-1.0679636,7.365163,6.4421983,3.9797618,7.4310036,7.0263834,7.709928,10.40939,8.825626,6.1465144,7.3938932,6.250662,5.6628857,5.9202623,5.33488,6.4697313,7.3507977,6.108207,7.1089835,7.0826473,6.3619924
0.60693014,0.61650693,0.59136784,-0.003591303,-0.08379706,-0.05267244,-1.8183962,-1.1599907,-0.06344634,-2.4959552,-0.4189853,1.1240777,-0.035913024,0.06943185,-0.130484,-0.34476504,-0.22385786,-0.19393034,-0.06344634,-0.47644615,0.41015667,-6.442348,-4.5964184,-4.638317,-5.077653,-9.625439,-4.887314,-10.706421,-11.634174,-10.157849,-9.232491,-8.483255,-10.989086,-8.217798,-9.362376,-11.328015,-9.564686,-8.079084,-8.232313,-8.032397,-0.19228433,-1.4540286,0.010025719,2.2174797,2.2414217,1.3735236,-0.50472766,0.13572131,3.729418,3.0075662,2.292897,-0.023493104,2.1911435,0.6935703,1.2753613,3.3678937,-0.4221277,2.3719058,0.90665424,-0.19587563,2.0313306,2.0205567,2.0409074,2.6394577,2.665794,2.6693852,3.4929907,1.4220061,1.8792987,8.234707,0.5457283,-0.39758712,2.0852,2.477849,2.5197477,2.464681,2.455104,2.1654058,2.4802432,2.9100025,0.52073884,1.7579426,1.8537107,4.127005,3.5476084,1.584363,2.8568811,4.759074,4.833594,5.081693,6.447286,5.7698765,6.1756935,5.280711,4.626645,4.600309,5.798607,2.61791,4.4853873,2.3557448,-0.25079262,1.489792,1.347337,0.3812766,-0.29149407,-1.6406267,-0.86011696,-1.7040731,-2.4953568,-2.5025394,0.08200141,-0.83138657,-2.984971,-2.7204118,-1.6645688,-3.2303767,-2.1374235,-2.3050177,-2.0500352,-1.4862007,9.491513,9.4735565,9.495105,9.337088,9.38138,9.317934,15.382446,9.51785,9.52982,-1.9958664,-6.383241,12.375329,10.748469,9.297583,9.332299,9.376592,9.401731,9.455601,9.358635,9.231743,7.3054576,5.331289,4.2251673,3.8600516,4.753089,1.3293805,4.8548427,1.5783775,-0.5300164,-0.28760347,-1.3967174,-1.1008838,-1.1719618,-0.31573534,-0.5460276,1.4782699,0.6414964,1.2580034,-0.15457565,-0.5496189,7.203554,11.830349,8.704719,6.251859,6.997653,6.535572,8.626907,9.138069,6.0639143,7.937377,6.9928646,9.267356,8.328829,5.7239375,7.33763,7.041946,6.8887167,6.2195373,9.156026,6.079477
0.60453594,0.61890113,0.60333884,-0.015562311,-0.07182605,0.001197101,-3.2477345,-0.31603462,-0.059855044,-2.3942018,-1.2162545,2.670732,0.39145198,0.019153614,-0.12928689,-0.34237084,-0.25498247,-0.21667525,-0.053869538,-0.2705448,0.8758289,-6.9008374,-3.5226188,-6.217293,-4.0661025,-8.351724,-5.4726963,-7.344962,-10.227581,-9.9172325,-10.05849,-7.7470384,-9.424476,-8.760085,-9.271397,-10.312874,-12.194716,-9.738266,-8.842834,-6.990919,-0.38262334,-1.3379098,-0.7812579,-0.7884405,2.5454853,2.4688709,1.3328222,1.7913117,1.9828479,4.584148,1.5506945,-0.037858315,3.4995747,2.7501895,1.8356045,2.8291981,1.840393,0.36317047,1.925387,0.66843116,2.0528784,1.9990088,2.060061,2.6514287,2.6693852,2.6885388,3.4570775,1.5884032,1.8757074,8.62975,5.3437085,-2.0364182,1.7392379,2.7244518,2.5867853,2.4706664,2.3796868,2.1893477,2.5520694,3.0979474,0.39743748,2.0045455,1.3425486,0.374094,2.2786815,1.1845313,2.9119477,3.6314054,3.3096845,5.333084,6.09055,4.8696566,4.82297,5.779902,4.04246,4.28188,5.6477723,3.818602,4.6050973,2.807052,-0.073621705,0.53689975,1.5472529,0.7009025,1.3521254,-2.8604724,-0.020949265,-1.2060791,-1.9949685,-2.143409,-0.40043023,-0.4890157,-1.3760674,-1.3401544,-1.1498153,-2.0751743,-0.96067345,-1.0229226,-2.046444,-1.2515689,9.50109,9.5382,9.467571,9.310751,9.3622265,9.340678,13.237242,9.590873,9.5370035,2.9290066,-4.1458597,4.7928925,12.916419,9.580099,9.392154,9.370606,9.46398,9.466374,9.38976,9.223363,7.1052423,5.5802855,4.9158945,4.1066546,4.791396,2.3888147,4.981735,-0.044891283,-0.9011177,0.13018471,-0.22355859,-2.2716484,-1.2677298,0.28401217,0.6570587,-0.21443069,-0.6633435,1.7476176,0.20814592,-0.29104513,7.7386584,9.880272,9.302073,8.051102,6.1141925,7.603386,4.3999443,6.558317,8.252214,4.9506106,7.244256,9.167996,6.7725983,6.749853,7.5124063,7.0132155,7.85358,8.411429,6.121375,6.3165026
0.60812724,0.63087213,0.7278373,-0.02873042,-0.07182605,-0.017956512,-1.4856021,-0.23223756,-0.061052144,-1.7130513,-2.1619642,1.5885528,0.19632454,0.04189853,-0.09935937,-0.2896984,-0.2837129,-0.20709845,-0.061052144,-0.2693477,0.23897126,-5.69416,-3.027019,-4.505439,-3.358616,-6.636278,-5.921609,-8.181735,-8.59713,-8.140735,-8.534581,-7.153276,-8.135198,-9.829096,-8.506449,-8.300548,-9.045144,-11.432163,-11.073033,-9.182811,-0.09651626,-1.4181156,-1.2014403,-0.8435072,1.0048165,1.757793,1.2645874,3.576189,0.7199065,2.5502737,0.6313211,0.65047467,2.7477953,3.051859,1.8260278,3.432537,2.4257753,0.33444005,1.9648914,1.4465468,2.0277393,2.012177,1.9571103,2.6143186,2.6717794,2.690933,3.708469,1.8182466,1.8601451,7.3608236,6.4833484,-0.49574938,0.7743746,2.6993127,2.584391,2.4982,2.4096143,2.1175218,2.5365071,3.1003416,0.45609543,0.86011696,2.441487,1.7220296,2.8389246,1.7076644,2.7922378,3.163339,2.5950153,4.283227,5.3399677,4.728399,3.7264254,6.3772554,4.4387,3.2535706,3.3565211,5.040842,4.4734163,3.8114195,-0.31423897,-0.6338649,-0.29628247,1.5233108,1.3401544,-1.7399861,-0.56443304,-0.6135142,-1.4945804,-3.4542346,0.27712885,-3.469797,-2.416348,-3.6098576,-3.5093012,-0.7751228,-2.0452468,-0.4950012,-3.9474401,-1.6597804,9.5453825,9.535806,9.47236,9.326313,9.347861,9.380183,4.033931,9.510667,9.548974,19.6956,1.6840216,-0.26246437,12.596793,9.262867,9.395745,9.387365,9.441236,9.446024,9.41011,9.21618,7.2500916,5.467758,6.3883286,5.8532248,5.158906,3.2998085,5.0104656,-0.9475053,-0.79412675,-0.7436989,-1.1094133,-1.6623242,-0.84739774,-0.2510919,1.302296,-0.42871174,-1.5695488,0.6379051,-0.2575263,1.289128,7.602189,3.5212722,7.7590094,8.438962,9.015965,7.727885,5.3085437,4.1437645,7.4106526,5.433042,7.972093,5.9681463,6.8228765,7.1939774,6.4924765,6.2315083,6.1501055,9.278131,5.647323,6.865972
0.59256494,0.59855044,0.6739678,-0.008379706,-0.055066638,-0.044292733,0.5243302,-0.2873042,-0.06823475,-0.08619126,-2.5067291,0.044292733,0.7721301,-0.008379706,-0.11731588,-0.34117374,-0.30286652,-0.23104046,-0.033518825,-0.2681506,0.098461546,-4.6454997,-5.211728,-3.416077,-3.8697782,-7.641843,-6.3226376,-7.9734397,-7.465869,-7.467964,-7.2824135,-7.2430587,-7.3499,-7.2852564,-8.6094,-6.843676,-7.368006,-10.01719,-9.576657,-11.260978,0.7043442,2.055871,1.4812627,-1.2481272,-0.32276833,1.7901146,0.808492,2.1815667,1.141286,0.29254153,3.2338183,1.5064018,1.4776714,2.8627172,1.6620249,1.3196541,2.1384711,0.66723406,0.98686004,2.0534768,2.0456958,2.0097828,1.9846436,2.6286838,2.6837504,2.6741736,5.6274214,1.8302176,1.8876784,2.358139,1.6087539,7.925855,1.5010148,2.5748143,2.5496752,2.467075,2.404826,2.1462522,2.45271,3.246388,0.5621885,2.6689363,0.75357497,2.1649568,3.0137014,2.3876176,3.317765,3.6170402,4.458303,5.1200004,7.405116,4.978593,6.6290956,6.027702,3.9622543,5.0001407,5.571158,4.0759788,4.0652046,3.2846951,-0.26156655,1.2324153,0.7272388,-1.3257892,1.2671312,-1.4095862,-1.2958617,-0.3561375,-2.0727801,-1.2395979,0.13706805,-1.6609775,-1.8369513,-1.2264298,-4.0001125,-2.9753942,-1.2000936,-2.7778726,-2.1386206,-1.027711,9.493908,9.498696,9.481936,9.358635,9.313146,9.356241,-1.2404958,9.550171,9.52982,6.140828,10.536582,-2.58484,11.118374,9.382577,9.373,9.38138,9.424476,9.454403,9.429264,9.169494,7.471555,6.39192,8.607754,7.6093717,5.834071,4.0863037,5.403115,-0.52253455,-0.19557635,-0.80834234,-1.2351089,-0.22101474,-0.351798,-1.4709376,0.40686464,-0.11866262,0.11956045,-0.3544915,-1.0859201,0.23089083,7.1987658,5.4976854,3.6673183,6.2446766,9.114127,7.008427,8.465299,5.385158,7.1089835,9.743802,6.657676,4.4753613,8.0127945,7.6165543,5.239112,8.131308,7.5830355,6.1465144,9.200318,7.507618
0.5805939,0.5793968,0.7038953,-0.053869538,-0.046686932,-0.031124622,-0.45250413,-0.2789245,-0.07182605,6.4128695,-2.0111294,-0.5758055,0.60812724,0.02873042,-0.1388637,-0.32680854,-0.29209262,-0.2633622,-0.02873042,-0.2813187,0.47913963,-3.5106478,-6.394464,-4.769998,-4.5138183,-9.5177,-6.493823,-8.914361,-9.197176,-7.880964,-7.3706994,-9.5809965,-8.312369,-6.8219786,-8.891915,-6.987328,-7.554754,-7.211186,-8.901492,-9.3444195,0.5930138,1.4417584,1.2514193,0.9282021,0.2853589,-0.08095395,0.24346039,2.5442882,2.8555346,0.88510644,4.0071454,3.2960675,1.330428,3.327192,2.0534768,-0.009127894,2.9477112,0.37155017,0.08304887,2.161216,2.0504842,2.0456958,1.9966146,2.7124808,2.666991,2.704101,6.927473,1.8266263,1.8745103,2.3282115,3.1314662,7.929446,3.580379,2.98542,2.593968,2.5436897,2.4359505,2.1522377,2.4503157,3.2320228,0.5609914,0.9271546,0.8146271,0.6769605,1.5807717,2.119467,2.3971944,2.3493104,4.1350856,3.5206735,6.770653,4.362086,4.960337,6.426337,4.3920135,3.7838862,5.4418707,5.088726,4.1454105,3.969437,-0.3669114,0.08080431,1.0121487,0.54887074,-0.23762453,-0.3788824,0.6278794,-0.6973112,-2.1134815,-1.894412,-2.6246436,-0.12150574,-1.1318588,0.092775315,-2.594716,-1.2910733,-1.050456,-3.0256724,-2.2164323,-1.5161282,9.519047,9.54658,9.413702,9.315539,9.388563,9.3382845,-4.1554365,9.5214405,9.48912,2.4070706,9.966763,-3.9076364,7.2756796,9.467571,9.394548,9.395745,9.428067,9.4974985,9.580099,9.100061,7.257274,7.40347,7.960122,9.256582,7.4286094,1.9925743,5.9597664,0.46627077,1.3450924,-0.6048352,-1.7869723,-0.6004957,0.98177236,-2.590227,-0.2335843,1.0365397,0.72529346,-1.2187983,-0.9757868,-1.4713866,7.2071457,9.955689,6.657676,5.3983264,7.9756846,7.361572,8.522759,8.847174,7.6692266,8.622119,5.507262,7.719505,7.9744873,5.468955,6.1728506,9.578603,6.175245,6.371569,8.395866,7.566276
0.60932434,0.59376204,0.6536171,-0.06703765,-0.05267244,-0.05865794,-1.3934253,-0.2669535,-0.10055647,-0.49440265,1.7298107,-1.5502456,0.29568392,-0.107739076,-0.09816227,-0.30765492,-0.2801216,-0.24181437,-0.045489833,-0.24420857,0.89692783,-4.0924387,-5.860557,-4.7388735,-6.1035686,-10.829722,-7.265953,-9.576358,-10.40984,-9.288754,-8.831162,-10.213066,-9.663896,-6.7657146,-8.678831,-8.310124,-9.1133795,-6.1637225,-8.064719,-8.234707,0.097414084,0.16684593,2.007987,0.8192659,0.7055413,-0.92730427,5.084536,3.6719573,2.4030304,1.8080711,1.3136685,2.1779754,1.6608278,2.5502737,3.419369,0.34760815,2.1923406,1.8212394,-0.4245219,1.3950714,2.0301335,2.0026002,2.0564697,2.6226983,2.6885388,2.6933272,1.2005426,1.7224785,1.8840871,2.2946928,7.1968207,1.2256817,-2.119018,2.5400984,2.5855882,2.4850318,2.3796868,2.0852,2.5209448,3.14224,0.5777508,0.39564183,2.380435,1.6921021,2.3636756,2.3265655,2.7455509,2.7922378,2.9661167,3.6284127,4.8407764,5.332935,3.651008,5.269937,4.140622,3.3385646,3.069217,4.912752,2.9303532,5.3018103,-0.7188591,0.9487024,1.1629834,0.42676646,0.7858967,-1.1833342,-2.5647886,-1.2084733,-3.0424318,-1.7663223,2.0260932,-2.0799627,-1.6011224,-3.1082723,-0.8996213,-1.3198037,-3.2974143,-2.7862523,-2.5025394,-2.5516205,9.511864,9.527427,9.448418,9.322722,9.42687,9.395745,-4.8329954,9.5214405,9.594464,12.655451,1.2829928,-3.3342252,4.7210665,9.128792,9.404125,9.347861,9.399337,9.423279,11.101614,9.192238,6.7389297,8.547898,4.541202,6.845621,7.6225395,1.3545196,4.6860514,0.4782418,0.7932289,0.1086369,0.76644385,-0.27727848,-0.4930559,-2.305317,-0.7818565,1.9738697,2.5903766,-0.7926304,0.07047931,-1.2594998,7.2526355,9.784504,10.037092,8.108562,6.5164185,8.157643,6.239888,7.5734587,6.4206505,7.241862,7.33763,7.909844,6.3224883,6.335656,7.626131,6.5990186,5.927445,6.8348475,7.1233487,5.7478795
0.59735334,0.5506664,0.61052144,-0.09935937,-0.06584055,0.01436521,-0.6943185,-0.2681506,-0.06584055,0.25737667,1.3275849,-1.8411411,-0.39025488,-0.062249243,-0.15322891,-0.34476504,-0.2777274,-0.35673606,-0.16759412,-0.22146365,-0.16130935,-4.795137,-5.1387053,-4.803517,-7.3413706,-7.8369703,-7.698107,-11.777826,-9.1457,-11.220875,-9.740959,-9.638457,-8.21301,-9.021052,-8.559121,-11.990012,-10.674398,-7.5978494,-8.628553,-6.6724906,0.262614,4.071789,0.99284554,1.5195699,1.5961844,-0.00314239,1.4860511,3.0315082,1.2334628,3.2625487,0.5020342,2.5514708,1.3603555,0.47689506,3.2805052,-0.015113398,1.72188,1.8344074,-0.19587563,0.8467992,2.0516813,2.0277393,2.0145712,2.5867853,2.7112837,2.6454432,0.5600936,1.8290205,1.8601451,-5.317672,5.1904798,5.560384,-2.5368063,2.546084,2.6035447,2.4826376,2.4120085,2.1486464,2.523339,3.2404025,0.28086978,1.5448587,2.8245595,2.6940753,3.779846,2.496554,2.8772318,3.8432922,3.925593,4.248511,5.3293433,6.0918965,4.7759833,4.4990044,4.018518,4.032883,3.5025675,3.9766195,2.963872,4.9031754,-0.6135142,-1.8608932,0.46627077,0.6997054,-0.8050503,-0.87448215,1.2132617,-2.7132292,-0.3693056,-1.8130093,-1.1306617,-1.7280151,-0.85891986,-1.3425486,-2.0907366,-0.11671733,-1.7699136,-1.7459716,-2.2798786,-0.46746787,9.507075,9.50109,9.944017,9.307159,9.369409,9.447221,-0.49230772,9.539397,9.516652,8.408137,16.690878,-1.2440871,0.9178771,9.452009,9.38138,9.41011,9.41011,9.5609455,14.750378,9.199421,7.1543236,6.7965403,3.9965212,4.3424835,4.135385,1.3245921,4.0587707,0.092775315,-0.1285387,-0.37020344,0.4683657,0.06988076,-1.0497078,-0.23552959,-1.2092215,0.72529346,1.1394904,-0.7914333,0.52657473,-0.6465841,7.671621,3.0400376,7.889493,9.160814,4.895544,8.02716,7.901464,5.856816,5.6281695,5.361216,11.391013,6.3751607,5.8723783,9.013571,6.91625,5.9717374,8.97646,5.769428,5.820903,8.5143795
0.60214174,0.5482722,0.5722142,-0.10055647,-0.06584055,-0.10654198,-0.22744916,-0.28491,-0.055066638,0.31603462,-0.5506664,-1.8411411,-0.557849,-0.009576807,-0.1448492,-0.29209262,-0.2705448,-0.37948096,0.003591303,-0.2837129,-0.084694885,-4.985476,-4.7987285,-3.915268,-5.3589716,-7.6969094,-6.6590233,-10.404752,-8.7315035,-9.74485,-7.7274356,-8.404246,-7.753323,-10.592846,-8.532785,-8.717138,-8.602217,-9.540744,-9.959729,-7.9462056,0.10818799,-0.35149872,1.9648914,2.0941782,0.77497315,-0.9177274,0.2650082,1.7865233,2.6639984,1.1364976,0.5451298,3.2685342,2.6616042,0.6265327,3.0386908,2.4784477,0.8096891,2.5837924,1.3172598,0.5978022,1.9990088,2.0205567,1.9882349,2.73762,2.6633997,2.690933,2.4802432,1.7955016,1.846977,2.4203882,-3.1066263,7.4541974,-0.46941316,2.7112837,2.5389013,2.486229,2.4263737,2.1414638,2.443133,3.1805472,0.08215105,1.5340848,2.8054059,3.283049,3.232771,2.7144263,3.0819361,4.1701007,4.771943,5.0266266,5.7962127,5.0492215,6.254403,4.2871175,4.1418195,5.020491,4.445883,3.1015387,3.0620344,3.3134255,-0.4997896,0.15143326,-1.8764555,-0.43035775,0.825401,-0.40162733,-0.65780693,0.3274071,-1.09834,-3.8504748,-1.146224,-3.0412347,-3.520075,-1.9387048,-4.2981906,-2.678513,-1.8393455,-1.0755951,-3.5643678,-0.15382746,9.505878,9.498696,9.983521,9.279627,9.388563,9.292794,8.983943,9.539397,9.5932665,9.066543,7.410952,-0.4575918,-4.8713026,9.479543,9.491513,9.393352,9.414899,9.447221,14.099154,9.146749,7.645135,4.619014,5.5862713,3.4662056,3.9103298,1.7160441,2.3708582,-0.05686229,-1.7649755,-0.66109896,-1.0375872,-0.10848726,-1.5524901,-1.4876971,-2.1477485,2.095974,0.4870704,0.09202713,-0.071975686,-0.20126258,7.4226236,7.9409685,4.0599675,7.128137,7.227496,6.1943984,7.6560583,7.767389,6.6971807,5.024831,7.563882,5.5347958,6.11539,7.9313917,5.861604,5.6281695,8.7370405,7.6404963,5.5204306,9.347562
0.60453594,0.5722142,0.521936,-0.11611878,-0.074220255,-0.18076223,-0.45250413,-0.25617957,-0.06703765,0.5410896,0.3172317,-1.6723499,-1.4808137,-0.09696517,-0.15083471,-0.23702596,-0.25139117,-0.40462008,1.5023615,-0.31364042,-0.394744,-3.6375406,-2.7109845,-3.880552,-5.6402903,-7.4491096,-6.291513,-8.522909,-7.3608236,-8.398111,-6.4010477,-7.6093717,-7.7162127,-9.357438,-8.816498,-8.120982,-7.0280294,-11.223868,-10.219501,-9.403077,-0.14080898,-1.1882722,-0.36825815,2.3515549,1.460912,0.65047467,1.1209353,0.8276456,4.345925,0.48647186,1.4597149,2.0139725,2.5921721,0.34162265,1.4393641,2.279729,0.5978022,3.0961518,0.76898766,0.7330746,2.0169654,2.037316,1.4244003,2.6705823,2.7088895,2.7100866,4.2794857,1.8194437,1.8888755,2.4084172,1.7667712,6.6521397,5.038448,2.8860605,2.5329158,2.4682722,2.4072201,2.1462522,-0.0887351,3.2404025,0.96202016,0.31423897,1.8992004,2.0979192,0.6889315,2.6318262,2.3852234,2.7766755,3.464709,2.9951463,5.8919806,3.722834,4.1223664,4.61632,4.849306,2.037316,3.294272,5.410746,4.307019,4.9295115,-0.3573346,2.4007857,0.95947635,-0.18495208,-0.26396075,1.1605892,-1.0169371,0.12749124,-0.6781576,-2.533664,-0.3298013,-1.0791864,-2.5671828,-2.5779567,-3.378817,-3.2423477,-2.6761189,-0.480636,-1.893215,-2.429516,9.481936,9.498696,10.131963,9.301174,9.214983,9.399337,19.6956,9.54658,9.888951,9.8159275,9.220968,19.6956,-6.833351,13.803471,9.401731,9.341876,9.436447,9.459191,7.801207,9.15034,7.33748,5.383961,8.1720085,4.9482164,5.8532248,2.7048495,1.751957,1.2252327,-1.6021699,-0.15711948,-2.4741082,-1.1631331,-1.7655741,-1.4817116,-2.7151744,0.71092826,-1.1589433,-1.3492823,0.09920973,-0.27907413,7.3268557,10.951677,8.389881,5.197213,8.127716,5.479729,6.7163343,7.924209,6.7989345,8.467693,5.9561753,7.3986816,6.3368535,6.4781113,7.9541364,6.973711,6.7785835,6.401497,6.715137,7.7171106
0.60693014,0.5793968,0.044292733,-0.04189853,-0.051475335,0.017956512,-0.01436521,-0.2621651,-0.08259996,0.34476504,0.23702596,-0.48123455,-2.2158337,0.35673606,-0.17956513,-0.28491,-0.29568392,-0.4261679,3.1148565,-0.32920274,-0.50846857,-3.3753755,-4.6909895,-4.01343,-5.49185,-8.352921,-6.8062663,-7.8513355,-8.389133,-7.8079405,-5.8156657,-9.017162,-7.679103,-8.547001,-9.0224,-7.637354,-6.8700123,-9.587431,-8.549544,-12.356325,0.5032313,-1.3845968,-1.2110171,0.026785132,2.6915317,0.66364276,1.7961001,-0.40057987,2.8184242,1.9852421,1.3483845,0.98207164,2.3683145,1.9493291,0.9701006,2.9357402,-0.048632223,2.057068,0.7354688,-0.4149451,2.0289364,2.0444987,0.7887398,2.668188,2.6945243,2.6645968,-1.3828012,1.8529625,1.8493712,2.4383447,2.4275708,1.6638205,7.6337624,2.6825533,2.4718635,2.4946086,2.4227824,2.1893477,-0.44307694,3.2032921,0.45325232,1.7782934,2.7623103,2.5312698,1.6992847,3.591901,2.6330233,3.650559,4.3242273,3.2357635,4.906767,4.2232223,4.9423804,3.842993,5.470601,3.3996167,3.2080805,3.437924,4.1394253,4.6182656,-1.0875661,0.56563014,2.0847511,0.22804771,1.3724761,-0.4830302,0.9127894,-1.2216414,-2.178125,-2.8592753,-2.3481133,-0.40402153,-1.6130934,-0.8170213,-2.3959973,-3.5332432,-2.369661,-2.5360582,-3.233968,-3.1717186,9.515455,9.513062,10.85142,9.328708,9.265262,9.380183,4.144064,9.531017,16.89199,9.50109,9.74051,0.28221652,-5.43394,15.425542,9.430461,9.396942,9.38976,9.508273,2.3520038,11.040562,7.171083,6.950966,9.586982,7.6919713,7.2634096,3.6613328,1.8106151,1.2850877,-1.0754455,-0.067336924,-3.589806,-1.6970401,-2.0852,-1.4841058,-2.1561282,0.52896893,-0.7818565,-0.90635496,0.4810849,-0.71242464,7.709928,8.99322,9.390657,7.6069775,6.3129115,7.709928,5.820903,7.924209,7.306505,8.810063,6.8611836,10.483611,7.2789717,5.858013,8.540716,8.409035,5.561132,7.068282,9.47206,6.27221
0.62129533,0.59735334,1.9309237,-0.073023155,-0.05865794,-0.02873042,-0.36990416,-0.2741361,-0.30166942,0.39743748,0.2885013,2.3714569,-1.7166426,0.10175357,-0.14963761,-0.30526072,-0.32920274,-0.41180268,1.1887212,-0.39264908,-0.370802,-4.297143,-4.1834188,-6.1430726,-5.542128,-10.238355,-6.7428203,-9.266309,-9.802909,-8.870966,-6.730251,-9.541492,-9.103653,-7.282862,-8.331673,-8.726715,-8.059931,-8.586655,-7.9881043,-10.296115,0.6887819,-0.0163105,-1.826327,-0.7896376,2.0103812,1.6907554,1.4106337,1.817648,1.7661726,2.9070098,-0.38860887,1.2514193,3.6540008,3.0626328,1.7039235,2.9405286,0.8527847,0.86475575,1.9565117,0.8575731,2.0409074,2.0205567,0.31708208,2.6885388,2.678962,2.6729765,-2.6828527,1.8290205,1.9666871,2.4586954,2.3880665,-7.942914,7.2878003,0.5684733,2.5999534,2.6023476,2.4203882,2.2085013,0.3410241,3.3002574,1.0015244,1.9686323,3.7367504,3.9426517,3.280655,3.4889505,3.5775359,4.016872,4.67019,4.0318356,5.374833,5.146187,5.4870615,3.975871,5.6178446,4.0292916,4.0819645,3.1578023,3.5863645,3.1470284,-0.092775315,0.12030864,-0.01616086,1.5771804,1.407192,-1.6801311,0.7020996,-0.17657238,-1.0408791,-1.4083891,-2.2511482,-1.4275428,-1.4742297,-2.0129251,-3.0603883,-1.2635399,-1.1857284,-1.3293805,-0.6805518,-1.2599486,9.498696,9.496302,7.9963346,9.390957,9.378986,9.309554,14.667777,9.534609,14.172177,9.368212,9.50947,0.067935474,-3.0493152,11.694179,11.829452,9.376592,9.401731,9.438841,-2.7296891,16.52448,7.195025,9.153631,6.703166,8.612542,8.437765,1.5975311,1.8249803,1.3281834,-0.89109194,0.8759785,-2.3699603,-1.4037504,-1.8625393,-0.09427169,-1.0942998,3.4307413,-0.17133506,-0.038456865,0.4607342,-1.380407,7.495647,3.5703533,8.818443,10.320805,5.6844335,8.857947,6.3105173,6.059126,8.478467,6.4122705,6.463746,8.304887,6.700772,7.259818,6.330868,5.773019,5.6126075,9.559449,7.4561424,6.743868
0.59615624,0.60094464,1.4520833,-0.05865794,-0.06584055,0.021547815,-1.2294226,-0.2693477,1.3862427,0.4321534,0.2908955,1.1731589,-1.8291701,1.8830396,-0.16160862,-0.260968,-0.30645782,-0.40940848,-0.36870706,0.06464344,-0.6988076,-4.663456,-4.1929955,-5.708525,-6.0245595,-10.352079,-8.568399,-10.824934,-11.879879,-9.945963,-8.322394,-8.298902,-10.889728,-8.648754,-9.710732,-9.983671,-10.065074,-7.315334,-7.6265798,-7.590667,0.42422262,2.0235493,0.008828619,-0.51310736,0.049530048,2.4281695,2.444929,2.4281695,1.1939584,1.7877204,-0.34311903,1.8691233,3.5067573,2.6041431,0.9473557,1.7075148,2.3683145,0.9473557,1.8056769,0.8372224,2.013374,2.0397103,0.5720646,2.6035447,2.7172692,2.6693852,2.4491186,1.8326118,-1.2319664,2.4622867,2.3725042,1.7895161,7.637354,-1.4546272,2.5807998,2.547281,2.4072201,2.2108955,1.7775451,2.499397,0.8183681,1.8728642,1.8261774,4.693234,3.8301241,1.3269863,3.8708255,3.839701,4.1889553,4.9284644,6.9921165,4.8397293,6.289119,4.890456,5.246743,4.3034277,5.121048,3.1338603,4.004153,2.9195793,-0.22804771,1.1869255,1.074398,-0.7236475,1.6106992,1.2515689,-1.4514848,0.3226187,-1.9303252,-2.059612,-1.1713632,-1.9183542,-1.6777369,-2.095525,-3.9067385,-2.5767596,-1.9267339,-0.8206126,-3.6170402,-1.4766239,9.503485,9.508273,6.069002,9.356241,9.394548,9.272444,8.606855,9.5370035,7.278074,9.396942,9.441236,16.277878,3.0247746,7.500735,14.020145,9.407717,9.41849,9.450812,-8.867226,13.488633,7.1782656,6.055535,4.687248,3.8612487,6.2207346,2.15538,3.0017304,0.14784196,-0.45415014,-0.015861586,-0.23074119,-1.9137154,-2.0875943,1.4044986,-1.3612533,3.7958572,0.23328502,0.6163573,-0.26231474,0.25483283,6.973711,6.3105173,4.409521,9.033921,9.418191,6.657676,7.77936,4.9063177,7.6201453,5.692813,8.576629,5.9465985,6.1237693,7.3340383,5.265448,5.8891377,7.3831196,7.754221,5.7239375,5.7359085
0.60693014,0.60812724,-3.110068,-0.07182605,-0.073023155,-0.10295067,-1.0426749,-0.2717419,1.5717934,0.45250413,0.30047232,0.142455,-0.50158525,1.816002,0.34955344,-0.2657564,-0.33638534,-0.37828386,-2.086547,0.48003745,-0.054767363,-3.514239,-2.991106,-5.7109194,-5.301511,-9.256732,-10.52087,-8.387637,-10.04233,-9.227702,-11.345075,-8.185177,-9.039009,-9.848249,-9.727492,-9.203161,-12.116905,-8.624962,-8.132954,-7.381174,0.547524,0.87672675,1.496825,-0.106093064,-0.7321768,1.1783961,2.1420624,2.1324856,0.64568627,0.5870283,3.2278328,3.5953429,1.8080711,2.968062,2.3192332,0.37992987,2.7884967,0.48886606,-0.18629882,0.24824879,2.036119,2.0277393,4.3812394,2.643049,2.6981156,2.9806316,1.9487306,1.846977,-1.8305168,2.479046,2.368913,3.593547,7.5631337,-0.253935,1.5967829,2.5424926,2.4359505,2.2504,3.4247558,-0.7459435,0.8722376,1.0827777,1.2372037,2.046444,2.417545,2.0129251,3.9893386,4.2131963,3.1211412,4.9188876,7.4182844,4.328567,4.7041574,6.0133367,4.0029554,3.7635355,4.972607,4.4422917,4.1932945,3.3996167,-0.32621,-1.3198037,0.3417723,0.6793547,0.98820674,-0.56922144,-1.2611457,-2.4881742,-3.2507274,-1.6035166,1.2503718,-0.4878186,-1.5699978,-2.6150668,-1.38325,-0.95229375,-2.9502552,-3.8624458,-1.6921021,-3.3584664,9.510667,9.508273,1.7390883,9.382577,9.356241,9.199421,9.63756,9.522638,-0.3007716,9.407717,9.440038,4.8611274,19.6956,-0.3510498,13.052888,9.369409,9.405322,9.4735565,-9.30297,6.0773816,6.884976,4.174889,4.3568487,3.2243912,3.328539,2.7910407,0.4950012,1.6243162,-1.6356887,-0.12838906,-0.59825116,-1.934066,-1.8050784,-0.45145667,-1.8772038,1.6973394,-0.09950901,1.3513772,-0.29703066,1.004218,7.3567834,8.326435,5.036802,4.1772833,8.547898,5.3755813,8.642469,7.4932528,6.791752,9.367912,7.5770497,5.7945666,8.517971,6.452972,5.789778,9.539098,8.300098,5.04997,8.642469,7.483676
0.59974754,0.61411273,-5.439626,-0.08379706,-0.089782566,-0.002394202,-0.7038953,-0.2669535,0.6548142,0.44651863,0.31004912,0.1364695,1.3323733,0.09816227,1.1659763,-0.34835634,-0.32441434,-0.3842694,-2.9987376,1.1420342,0.19886838,-4.401291,-3.4112885,-5.9036527,-2.3997383,-7.343765,-9.745149,-7.368904,-7.485322,-8.686613,-9.475203,-8.57184,-7.8036013,-8.549395,-9.395895,-7.5631337,-9.400683,-9.972898,-8.595035,-8.657284,0.4397849,0.23029228,1.2705729,1.2514193,-0.9907506,-1.1763012,3.3008559,2.8567317,1.9936218,0.4421791,0.8312369,1.8787001,2.078616,3.2206502,1.9146131,0.6025906,2.318036,0.87313545,-0.11686697,1.5890018,2.0217538,2.037316,8.425046,2.6466403,2.6885388,2.7627592,2.1630116,1.835006,-0.9733926,2.4682722,2.3856723,2.3138463,6.024859,0.5936124,-1.2834418,2.6454432,2.4275708,2.2312462,4.146608,-1.6629227,0.76090723,1.2934675,1.9255368,1.2192472,2.2427685,2.3014264,2.2403743,3.8504748,2.6111763,4.823119,5.018097,5.480178,4.234894,6.04087,3.5588312,3.7156515,2.807052,5.246743,5.014506,4.354903,-0.16938977,1.0576386,-1.5292963,-0.26036942,-1.3964181,0.8912416,1.3557167,-2.0679917,-1.4167689,-0.9235633,0.17298107,-1.6801311,-1.5101427,-1.2575544,-2.2667105,-0.66618663,-2.7754784,-0.98461545,-1.3688848,-1.6741456,9.520244,9.502287,1.6588825,9.325116,9.248502,9.106047,9.531017,9.539397,-5.4435167,9.424476,9.436447,11.32188,3.4724903,-4.8820767,9.662699,9.383775,9.39814,9.413702,-3.5389295,-0.23133974,7.2249527,5.8903346,6.019622,4.4633904,3.3237505,2.3852234,0.27712885,0.51699793,0.048632223,-1.1279683,-1.3739725,-1.4923358,-2.0672436,-0.27667993,-1.9191023,-1.0739491,-0.7662942,0.14589667,0.93957454,1.1382933,7.791331,8.083424,10.341156,5.077503,7.5243773,9.114127,7.0754647,7.968502,5.20679,8.528745,5.379173,6.994062,8.34918,5.8029466,7.9529395,8.125322,6.9210386,6.1046157,8.707113,7.6644382
0.59256494,0.63206923,-2.80361,-0.07182605,-0.062249243,0.08738836,-0.4177882,-0.2717419,-1.1360487,0.4345476,0.31124622,0.22146365,1.376666,-1.8734628,1.7262194,-0.2813187,-0.34715924,-0.37588966,-2.89459,0.3878607,0.14978725,-3.97632,-4.5042415,-3.7931638,-3.557335,-8.123077,-8.921544,-7.5685205,-8.358008,-7.699603,-7.0414968,-8.642469,-6.7274075,-7.342568,-7.687632,-6.746711,-7.079505,-9.444976,-9.685594,-10.220697,0.55470663,3.6432269,0.85996735,1.6189293,-0.36945525,0.77617025,2.435352,3.4397197,2.6903346,0.2709937,0.6253356,-0.048632223,2.221071,1.3531729,2.1887493,-0.41135377,1.8008885,2.1336827,-0.61366385,2.8064532,2.0325277,2.0265422,9.717916,2.689736,2.6981156,2.641852,2.227655,1.835006,1.9834465,2.4694693,2.3892636,3.0728083,0.95154554,3.214066,-0.73038113,2.5724201,2.4335563,2.2408233,5.5567927,-0.55799866,1.0398318,0.95109665,2.3864205,1.9949685,2.0368671,1.6861166,1.8956091,3.6345477,3.3605614,3.9083846,3.950283,6.11943,4.4946647,4.9245734,3.4187703,2.880075,2.9255648,5.42152,4.2495584,5.170129,-0.26396075,2.1290438,0.06284779,-1.6023195,0.5835867,0.43634325,0.8110358,0.3681085,-0.99179804,-2.235586,0.41359833,-1.2719196,-3.6481647,-1.4718355,-3.0280666,-3.2722752,-1.9602526,-1.6190789,-2.759916,-0.55365914,9.510667,9.505878,5.794866,9.355043,9.384972,9.055769,9.457994,9.552566,-7.874829,9.420884,9.450812,8.756494,11.727697,-7.573159,4.632481,9.742905,9.405322,9.407717,12.787132,-3.5532947,7.4380364,9.045893,6.875549,7.7266874,5.2726307,2.7766755,1.0839748,-0.253935,0.120458275,-1.3506291,-1.2183493,-1.3151649,-1.016189,-1.5384243,-0.7722797,-1.0140941,0.4643255,-0.04683657,0.69057757,0.69057757,7.8068933,5.2020016,9.230247,8.341997,6.3177,7.4525514,6.7043633,6.203975,6.002862,6.681618,8.370728,6.5128274,7.1951747,7.7290816,7.162853,5.4617724,5.689222,5.781399,6.819285,6.2422824
0.62009823,0.62368953,1.7824832,-0.06703765,-0.07182605,-0.10654198,-0.48722005,-0.2741361,-1.5275006,0.4225766,0.3184288,0.16160862,0.3184288,-1.804031,0.7685388,-0.2621651,-0.33039984,-0.31244332,-0.03232172,-0.7110779,-0.1949778,-3.6459203,-5.0405426,-4.3641806,-4.779575,-9.157372,-7.4934025,-8.337059,-9.817274,-7.5619364,-6.628497,-7.7027454,-8.399757,-7.348553,-8.511237,-7.0663366,-7.309348,-7.806145,-10.974871,-8.714745,0.75222826,1.8990508,2.5754128,1.9888334,0.48647186,-0.2928408,-0.7273884,2.4006362,3.3571198,2.4365492,1.0886136,3.5666122,0.8001123,0.3835212,2.5514708,1.034744,0.21712416,2.7693431,0.09861118,1.5135844,2.034922,2.034922,5.1653404,2.6586113,2.677765,2.6586113,2.2312462,1.8493712,5.7279778,2.4934115,2.4120085,2.771139,2.0540755,5.383213,0.50622404,2.5927708,2.4359505,2.2551885,6.4366617,2.5257332,1.458817,1.5927427,3.9510314,3.4123359,2.8808231,1.3916297,1.5855601,4.2785883,4.005799,4.2076597,4.2052655,5.953033,5.763592,4.2853217,4.3034277,3.8712745,3.6988919,4.340538,3.55524,5.0899234,-0.4985925,1.3640964,0.42317516,0.16220717,0.12868834,-1.8154035,0.10474633,-1.2707225,-2.546832,-0.55844754,1.3988123,1.7004818,-2.3828292,-0.2160767,-4.4023385,-2.3959973,-1.8872294,-3.4171243,-2.6150668,-1.9219455,9.511864,9.481936,15.415965,9.393352,9.436447,10.89691,9.368212,9.5370035,-3.712509,9.417294,9.438841,9.01387,7.661146,-8.953417,-0.07451953,11.356597,9.447221,9.487922,10.057742,-5.818209,6.899341,8.747814,8.042722,10.157999,8.330027,2.5049336,2.938284,-0.99494046,1.422904,-1.5194203,-0.19602527,-1.2517185,-0.15667057,-2.5619454,-0.90755206,-0.020500353,0.97429043,-1.4510359,0.9814731,0.36975452,7.3352356,7.8475947,4.9458222,9.314043,7.1712327,6.3464303,7.8344264,6.3021374,7.065888,5.3636103,7.426215,6.084265,5.953781,9.745,6.6983776,5.773019,9.024344,7.40347,6.7761893,6.2207346
0.60214174,0.61291564,2.1787236,-0.053869538,-0.08619126,-0.36750996,-0.44891283,-0.25498247,-1.5047557,0.4309563,0.31004912,0.320823,0.16879122,-0.6572084,-0.34835634,-0.32321724,-0.32561144,-0.28491,0.29209262,-2.3535004,-1.0173861,-3.513042,-5.8186584,-5.5948005,-7.0073795,-9.317784,-8.501361,-9.293543,-11.046697,-8.628553,-8.655189,-8.162432,-9.301174,-8.255956,-9.755025,-8.056339,-9.412654,-6.593482,-9.616161,-8.185626,0.5044284,-0.96202016,0.98207164,2.5095723,0.9712977,0.76659346,-0.63401455,0.6827964,2.841169,2.2067058,1.7326539,2.7214592,2.222268,2.6292825,3.4852095,3.0470705,0.011222821,3.6420298,1.9313726,-0.6112696,2.0433016,2.0337248,-0.040851068,2.643049,2.701707,2.8621185,2.2755392,1.8565538,6.737134,2.4706664,2.4096143,2.8980315,3.2894835,6.1038675,2.453907,2.380884,2.4335563,2.2659624,-2.3883657,4.553622,0.93328977,2.2535424,3.7343562,3.4219127,3.5978866,2.0787656,2.558803,4.3767505,5.1454387,5.252729,5.5543985,5.8321257,6.7942953,4.910208,4.69488,4.733187,4.803816,3.7300167,3.0644286,3.8102224,-0.28550854,1.6980876,0.31184477,1.9758149,-2.083554,2.7132292,-0.01616086,-0.47345337,-3.5727475,-1.1318588,-0.84694886,0.3561375,-1.9997569,-2.3181858,-1.1055226,-2.7383683,-0.6985083,-3.115455,-1.6142905,-1.5652094,9.496302,9.5214405,6.8842278,9.396942,9.38138,9.613618,9.47236,9.542989,-2.0533273,9.411307,9.441236,9.74051,10.564116,-5.2136736,-5.5117517,13.779529,9.393352,9.48912,1.1118075,-5.096358,6.9256773,6.6840124,6.664859,6.3380504,7.6189485,1.6190789,4.610634,-1.404349,0.6088754,-0.041000705,1.8665795,-0.7261913,-0.36257192,-1.0823288,-0.001346738,2.4155998,2.1103392,-1.7155951,-0.3616741,-0.12584522,7.1963716,9.099762,6.7103486,5.0691237,7.8607626,5.5910597,8.705916,9.206305,8.367136,6.806117,5.168483,7.3268557,5.063138,6.4421983,5.9609637,7.6548615,9.226655,8.059482,6.545149,8.938153
0.60573304,0.6368576,-4.011485,-0.051475335,-0.06344634,0.5662287,-0.49440265,-0.2669535,-2.019509,0.4309563,0.29568392,0.24181437,-0.21068975,-0.25498247,-1.9548657,-0.2753332,-0.35673606,-0.2885013,-0.051475335,-2.8407204,-0.9168296,-2.8905497,-4.747253,-5.0848355,-7.5472717,-7.7316256,-10.131813,-9.790339,-8.761432,-10.733057,-10.523863,-9.585785,-8.4464445,-9.073576,-10.53793,-11.42139,-9.978883,-7.464971,-8.136545,-7.6660843,0.026785132,0.64089787,-1.6922517,1.747019,1.3412019,2.1396682,0.03875614,1.2753613,3.2350154,2.1336827,2.0139725,1.9529204,2.1516392,2.8184242,1.4812627,2.340781,0.5379472,3.5067573,1.484854,-1.2445359,2.0325277,2.0301335,2.760365,2.668188,2.6813562,1.278354,2.1965303,1.8409915,8.343643,2.4682722,2.4144027,2.844162,3.4091935,7.3404727,4.9534535,2.022951,2.4347534,2.2420204,0.84380645,6.7335424,1.2158055,2.3385365,0.39085343,1.9087774,3.3117795,1.834557,2.971803,4.965724,4.520552,5.7160068,7.008876,5.5232735,6.3346086,5.521927,5.8871922,5.548413,5.806987,4.3537064,2.2695537,3.5265095,0.076015905,0.55605334,0.7224504,0.032920275,-1.7723078,-0.25797522,-1.1378443,-1.3485341,-1.6298528,-2.0189106,-2.40318,0.7392098,-3.0747535,-4.371214,-2.1481974,-3.7367504,-3.0735564,-1.1976994,-2.3493104,-0.87089086,9.507075,9.50109,4.025551,9.404125,9.35265,11.362582,9.454403,9.50109,14.916775,9.411307,9.443629,9.164705,8.943241,-0.7436989,-6.8118033,15.433922,9.424476,9.434052,18.493711,-1.4966754,6.6683006,4.6657004,5.4701524,3.0472202,3.7786489,2.3181858,3.4314895,-0.14619595,-0.66723406,-0.57371056,0.49111062,-0.07496844,-1.7943045,-0.7734768,-0.33174658,0.6750153,1.1550527,-1.3073838,-0.30181906,-0.14140753,7.281366,8.740632,10.045472,6.193201,8.363545,7.2502413,7.426215,8.327632,6.3105173,7.1006036,6.3548098,9.056666,6.180033,4.730344,7.772177,7.1544733,5.5826797,6.3847375,5.659294,10.007165
0.60932434,0.63206923,-6.364985,-0.08020575,-0.089782566,-0.60932434,-0.5255273,-0.2693477,-0.6428431,0.4405331,0.30765492,0.24660277,0.24061728,0.51954174,-1.9141643,0.48961425,-0.31244332,-0.2645593,-0.050278235,-2.0111294,0.14619595,-2.3817818,-3.9140708,-4.413262,-6.5081882,-9.017312,-9.619453,-10.090812,-8.362797,-9.66644,-8.294862,-9.4062195,-7.4253173,-10.769868,-8.06831,-9.881918,-7.736713,-9.203161,-7.807342,-8.007258,0.1225532,-0.92730427,-0.8913912,-0.9045593,2.1265001,1.0550947,1.1664251,0.5726631,2.3371897,3.1021373,1.9672856,0.8240543,0.9246108,3.1188967,-0.1539771,2.3659203,-0.592116,1.2933178,2.2605753,-0.75971013,2.0265422,2.0325277,8.88593,2.6813562,2.713678,-0.07796119,2.2671595,1.8577509,4.9738045,2.4814403,2.4203882,2.892046,3.166182,7.4182844,6.283433,0.1818097,2.4383447,2.2108955,4.790648,7.3344874,0.1515829,1.3856442,0.97264445,0.9331401,0.22325931,2.2870612,2.7204118,4.7945385,3.5712512,3.9454947,6.167314,4.767903,5.542128,4.999991,5.4969373,3.6019268,5.320964,5.634604,2.8597243,4.0268974,0.350152,0.801459,0.7188591,0.9008184,0.40641573,-1.0133458,-0.092775315,-2.915539,-2.5983074,-0.7104794,-0.12988544,0.83976626,-2.9299042,-2.369661,-1.2503718,-2.7623103,-2.2774844,-2.5611973,-3.3321302,-3.66253,9.486725,9.515455,7.302016,9.380183,9.243713,16.8884,9.436447,9.547777,9.10485,9.401731,9.424476,9.229348,8.991125,19.6956,-6.133047,8.119636,9.425673,9.449615,7.088932,19.6956,6.9987006,4.648941,6.3488245,2.8221653,2.6497827,2.3983915,2.2260091,-0.13183074,-1.2562077,-0.8777742,-1.2997522,-0.8339304,-2.644246,-1.2822447,-0.55919576,-0.38920742,-0.2551321,-0.04683657,0.43559507,-0.07436989,7.2059484,6.8372416,8.567052,9.843162,5.6126075,10.22384,5.349245,6.4206505,7.0108213,7.225102,9.256582,8.380304,8.740632,5.403115,8.341997,6.6612678,5.786187,7.8116817,7.8966756,6.6002154
0.62129533,0.63087213,3.1172507,-0.05746084,-0.062249243,0.2873042,-0.45968673,-0.25617957,2.1547816,0.4405331,0.29568392,0.260968,0.35314476,2.1320367,-0.8415619,1.6747441,-0.32561144,-0.2645593,-0.14963761,3.3327289,-0.4679168,-2.1040545,-2.7433062,-4.924424,-5.6175456,-8.9395,-7.7555676,-8.5561285,-7.759458,-8.401104,-7.484424,-8.86513,-7.421726,-9.739163,-7.283012,-8.3807535,-7.553557,-11.520749,-8.872762,-8.753052,0.08664017,1.7158945,-1.3606547,-0.5957073,1.3208512,1.75899,1.7625813,2.3312042,1.2059295,3.504363,2.2964883,1.4716859,2.256984,2.057068,2.435352,2.386271,1.4513352,-0.5813421,3.2733226,-0.042646717,2.025345,2.0265422,5.8656445,2.6262896,2.7124808,0.9168296,2.2013187,1.8362031,-6.3986535,2.487426,2.4144027,2.9303532,3.3577182,6.8819833,6.8939543,-0.6250363,2.4479215,2.228852,1.7619828,1.6877626,1.2289736,2.1853075,1.2431892,1.9015948,0.44352585,2.1637597,2.379238,3.3723826,3.226486,4.0795703,4.468628,3.8509238,4.888511,3.7155018,4.435109,3.1374516,4.2914567,5.3544827,3.7886746,4.4997525,0.41120413,1.6214731,0.0700304,0.41359833,-0.14544775,-0.030526072,-1.6861166,-0.7344214,-1.3605051,0.54527944,-2.5432408,0.86011696,-0.7691373,-4.016872,-1.9901801,-0.741604,-1.3796587,-0.99898064,-0.8242039,-2.7263973,9.534609,9.498696,9.746496,9.399337,9.35265,13.578416,9.436447,9.556157,2.757821,9.416096,9.441236,9.347861,9.177873,6.236596,-3.058892,2.5339632,9.431659,9.469966,8.705018,-1.2165537,7.0813003,6.103419,7.176021,6.083068,5.495291,1.775899,0.3477578,-0.621445,-0.7079355,-0.6156091,-2.4453778,-0.7154174,-2.0863972,-1.796998,-2.209998,-0.13302784,-1.6988357,-0.22041619,1.1538556,0.5505167,7.781754,3.2626984,6.250662,9.341577,5.549161,7.6129627,7.0012445,5.1541176,8.029554,6.3631897,7.5770497,6.7773867,7.4549456,6.821679,7.515998,5.071518,6.39192,9.059061,6.7929487,5.8268886
0.60214174,0.6392518,2.4432828,-0.074220255,-0.08140286,0.034715924,-0.521936,-0.2741361,0.7422025,0.4249708,0.30047232,0.22744916,0.40342298,-1.1528081,-1.2330139,0.7793127,-0.34117374,-0.2777274,-0.40342298,-0.002394202,0.9290999,-3.4076972,-4.556914,-4.558111,-4.8502035,-8.554034,-7.1965213,-8.538172,-8.711153,-7.6577044,-6.4441433,-7.9708962,-7.3822217,-7.8273935,-7.020847,-8.156896,-7.163302,-9.128942,-10.81446,-10.648063,0.66124856,1.2406454,2.0163667,0.036361936,-1.4875474,3.1775546,2.1336827,2.6268883,1.0538976,1.5255554,2.4305637,2.362329,2.3455694,0.32965165,0.974889,1.7314568,1.8787001,0.5247791,2.0379145,0.74025726,2.0193596,2.0277393,1.6147394,2.656217,2.690933,4.2519526,2.2180781,1.8397944,1.3262382,2.4946086,2.406023,2.904017,3.3110313,-3.9110782,6.856844,0.31588498,2.4263737,2.2085013,3.2619503,-2.5667338,1.4552257,2.8293478,0.6374562,2.6725276,1.6729485,3.235165,1.9997569,3.1784525,4.053683,3.8102224,3.805434,3.4606688,4.955549,3.0918121,4.206463,3.6988919,3.7970543,3.3002574,4.304625,4.3417354,0.3585317,-0.8972271,1.8082209,1.3617022,0.3633201,-0.7811083,-2.4498668,-2.03567,-1.5652094,0.20171149,-3.0364463,-1.5376761,-3.0101101,-3.3752258,-4.004901,-0.8900445,-2.7611132,-2.319383,-2.4211364,-1.3245921,9.513062,9.508273,7.396587,9.374197,9.407717,5.300463,9.447221,9.577704,11.380539,9.407717,9.440038,9.345467,9.086893,6.034286,0.8089409,-2.1550808,9.41849,9.630377,9.213786,18.986917,7.317129,7.1353197,7.1700354,7.7865424,8.061875,1.762731,-0.049679685,-0.33414078,0.36346975,-0.32351652,-2.0228012,0.44816464,-2.037316,-0.45145667,-1.8065748,0.93957454,-1.8161516,-0.27667993,0.96950203,0.39609075,6.6492968,8.031948,4.5926776,6.168062,10.01315,4.9637785,8.66282,6.010045,6.5511346,8.194754,4.383185,5.1505265,7.2969284,10.086173,4.789002,8.7538,7.032369,6.441001,5.919065,7.281366
0.59376204,0.63087213,-4.343082,-0.05746084,-0.05865794,0.15083471,-0.533907,-0.2741361,-0.79726917,0.427365,0.30166942,0.24540567,0.35553896,0.62129533,-1.6651673,-0.8367735,-0.32680854,-0.2789245,-0.21068975,0.59735334,0.18929157,-4.5904326,-4.5269866,-6.147861,-7.4239707,-8.829367,-7.8369703,-8.1024275,-9.351603,-8.726715,-7.920169,-8.589797,-8.33272,-7.9351325,-7.628974,-8.750658,-7.2423105,-8.209568,-10.9365635,-9.878326,0.22909518,1.2334628,0.77138186,2.1265001,-0.63640875,-0.009127894,2.432958,1.8272249,1.2849381,0.7199065,3.1272764,1.7673697,0.44696754,1.3579613,1.5255554,0.7977181,2.602946,-0.32635963,0.47569796,0.5463269,2.049287,2.0301335,3.3708863,2.665794,2.7005098,4.912752,2.2408233,1.8421886,2.785504,2.4922144,2.4203882,2.9255648,3.4199674,0.42003277,7.238719,2.3078609,2.4395418,2.203713,2.9806316,3.7874775,1.2361562,3.9043443,1.4490906,4.115034,2.0799627,3.2519245,3.0065188,3.32809,4.6211085,4.7475524,5.5208793,4.81459,5.5529017,3.837606,5.0133085,4.4913726,4.196886,3.259556,4.3836336,3.0752025,0.4961983,-0.670975,-0.46507367,0.41359833,-0.002992752,-0.362123,0.3657143,-2.7252002,-3.1609447,0.32022446,-3.12982,-0.931943,-1.4443022,-0.8888474,-2.4702177,-0.219668,-3.3476925,-2.5839422,-0.83258367,-2.7503393,9.503485,9.507075,4.120122,9.345467,9.3382845,-0.005087679,9.452009,9.513062,9.924864,9.413702,9.423279,9.295189,8.914511,9.319131,19.6956,-6.85849,9.380183,11.270405,9.188647,5.367501,7.443573,8.854357,6.637326,6.8492126,5.9501896,2.4522612,0.43394905,0.60797757,0.39459437,0.0966659,-1.427842,0.2781763,-0.27638066,-0.7627029,-1.2942157,0.5493196,0.28595746,0.08484452,0.68339497,-0.24555531,6.977302,9.956886,6.6229606,4.6321816,9.045893,8.241441,6.84203,8.343194,6.2219315,8.570643,7.2286935,8.717887,9.272144,7.1125746,6.7043633,9.792884,8.428188,6.2566476,8.87351,6.9725137
0.61411273,0.63206923,-9.3661175,-0.059855044,-0.074220255,-0.2621651,-0.51235914,-0.23942018,0.06584055,0.4297592,0.30885202,0.24899697,0.22744916,-0.6404489,-0.9708488,-1.6627731,-0.3172317,-0.1592144,-0.2621651,-0.62728083,-0.11716624,-4.4910736,-3.5214217,-7.0935707,-7.716063,-9.2447605,-9.887604,-10.020183,-10.400263,-9.597008,-9.500342,-10.186729,-9.953594,-9.535657,-9.075072,-9.267805,-9.198373,-7.897125,-7.579893,-8.799739,-0.036661215,0.79532385,0.64688337,1.6141409,-1.0290579,0.1237503,2.092981,3.717447,2.090587,1.153257,4.5015483,0.6193501,0.42182842,0.77617025,2.5802011,0.832434,2.8244097,2.042703,0.5918167,1.3376106,2.022951,2.0301335,9.035567,2.6358664,2.677765,1.360954,2.2767363,1.8314147,2.121113,2.4886231,2.4120085,2.9315503,3.437924,4.03408,5.3664536,4.194492,2.467075,2.1678,2.9303532,2.4251766,1.5198692,4.3209357,1.0229226,4.9338512,0.3561375,3.3596635,3.755904,4.2402806,4.16621,6.1385837,6.559963,5.1258364,6.111948,4.82282,5.8273373,4.7978306,5.3640594,3.3888428,3.75755,3.106327,1.110311,0.8086416,0.28909984,-1.3317747,-0.9211691,0.7152678,-0.42317516,-0.6769605,-1.0073603,-1.6178818,-1.8393455,0.6865373,-1.3257892,-2.203264,-1.7351977,-1.6932992,-1.2252327,-0.9391256,-0.6075287,-3.3441012,9.502287,9.505878,8.72058,9.369409,9.309554,-3.2073324,9.441236,9.552566,8.761282,9.540594,9.436447,9.309554,9.340678,10.562919,7.798813,-6.974609,9.423279,15.839739,9.2664585,10.622774,6.302736,4.663306,5.728726,3.496133,4.4993033,1.821389,1.7064673,1.7452234,0.54138887,0.19722237,-0.86520463,0.2757821,-0.6426935,0.10639234,0.70613986,0.4607342,0.7516297,-0.67531455,-0.8441057,0.8593688,8.010401,7.617751,10.211869,6.8719573,5.4940944,9.3260145,5.510854,6.797737,4.923077,6.640917,6.249465,8.661623,6.273407,6.2662244,7.3088994,6.285378,6.2530565,6.2315083,8.5778265,6.9665284
0.62368953,0.62488663,-3.7600937,-0.06464344,-0.073023155,-1.1552023,-0.5327099,-0.24061728,0.16160862,0.4249708,0.29568392,0.24899697,0.16280572,-0.22146365,-0.7158663,-1.0067618,-0.2837129,0.25139117,-0.20470424,-0.08379706,-0.33174658,-4.3139024,-2.6235962,-6.347777,-6.335806,-9.5871315,-11.387571,-10.581623,-9.810092,-8.4046955,-10.832715,-10.026319,-9.932047,-10.778247,-10.601376,-8.411878,-12.211476,-9.424625,-6.5922847,-8.748263,-0.07736264,3.291279,3.408595,1.2609961,1.8810943,0.6061819,0.45534724,3.894618,2.5107694,0.9701006,2.5622447,1.0048165,1.1963527,1.0024223,1.2514193,-0.3024176,1.2370541,2.7226563,-0.13961188,2.648436,2.0385132,2.0337248,5.5208793,2.680159,2.6993127,1.7775451,2.2791305,1.8302176,2.0516813,2.4982,2.417994,2.9447184,3.4235587,2.3545477,-0.3640683,6.476166,2.4838347,1.7943045,2.9495068,3.27033,1.2367548,1.6873137,0.6410475,1.4287399,-0.66139823,2.9179332,3.8588545,4.5682864,3.8813002,6.11105,6.332514,5.7255836,5.1351137,6.283283,5.560384,5.374833,5.2275896,3.9682398,3.2799067,2.749591,0.3465607,0.82899237,2.0009542,0.092775315,0.025737667,-0.56563014,-0.010175358,-1.7890673,-2.3756466,-0.57520694,-2.0787656,-0.8050503,-2.297835,-1.2755109,-2.8508956,-2.071583,-3.3201592,-3.1992521,-3.0041246,-1.1282675,9.495105,9.513062,8.936059,9.337088,9.285612,-3.714903,9.438841,9.534609,9.438841,9.5453825,9.441236,9.33589,9.307159,9.614815,2.5231893,-4.6187143,9.49271,12.814666,9.260473,9.662699,7.5213847,4.3197384,6.7306995,2.9694088,2.8604724,1.644218,0.06404489,1.1059716,0.7401076,-0.24809915,-1.640926,-0.08334815,-1.1550527,0.23567922,-1.5156794,0.7779659,-0.32216978,0.96591073,-0.6477812,1.1981484,7.555502,4.5842977,6.7330937,8.465299,4.091092,6.5858502,8.18398,5.521628,7.1125746,6.4086795,6.3512187,5.6868277,4.4167037,8.08462,7.2047515,6.010045,6.1465144,6.0184245,5.0439844,5.7574563
0.62129533,0.61650693,1.340753,-0.037110128,-0.049081136,-1.067814,-0.5710171,-0.2705448,0.22744916,0.40940848,0.30047232,0.2741361,-0.33518824,-0.051475335,1.6962919,-1.2090719,-0.2885013,0.31244332,-0.23104046,-0.017956512,-0.7890391,-4.6526823,-3.8721724,-5.366154,-5.373337,-9.280674,-9.417144,-9.928006,-8.504952,-7.755867,-8.882638,-7.6452847,-9.076119,-7.7316256,-9.801712,-7.2722383,-9.9094515,-11.046697,-7.3979335,-9.685594,-0.13841479,0.14050971,2.5335143,3.1296706,1.390283,0.09501988,-0.28565818,1.438167,2.53112,2.399439,1.6356887,2.577807,1.996016,0.49245736,2.3479636,2.0630536,-0.32396543,2.6316767,-0.12764087,2.7705402,2.0397103,2.037316,2.4383447,2.6813562,2.6969185,4.0711904,2.2815247,1.8493712,2.3006783,2.440739,2.4239795,2.9722517,2.8704982,2.3772926,0.4954501,6.702418,2.4838347,1.408838,2.9626749,2.905214,1.9310733,2.0560207,2.0081367,1.8297687,1.0217255,0.9056068,1.8369513,4.006846,3.6718075,5.2730794,4.1837177,5.409549,4.66585,4.8288054,3.651008,5.109077,4.1418195,5.06239,3.4977791,2.4251766,-0.17776948,1.0480618,-0.54647654,2.5851393,-1.5580268,-0.219668,0.96306765,-1.2623428,-2.5181017,-0.023343466,-2.1589713,-0.42437226,-1.228824,-1.0947487,-3.6888664,-0.86370826,-1.3748703,-3.268684,-2.8616695,-2.1769278,9.505878,9.493908,9.0677395,9.34427,9.373,-1.1770494,9.423279,9.527427,9.515455,9.425673,9.437644,9.27005,9.802759,9.413702,17.222391,-0.89333653,9.26167,8.03943,9.259275,9.346664,9.180567,5.873575,6.6804214,6.1046157,3.7618895,0.6721721,-0.22804771,1.0066122,1.0992378,-1.5673043,-1.5786767,-0.900968,-1.2017397,-1.0176854,-1.2223896,0.339827,-1.1134534,1.0149919,-0.49934068,0.52896893,7.1221514,6.782175,4.8775873,6.3871317,6.9725137,6.168062,8.622119,8.789713,8.751406,6.3260794,6.5367694,6.4745197,7.318476,8.458116,6.8504095,6.0148335,9.576208,7.9864583,5.7059813,6.737882
0.60214174,0.62488663,-2.3774424,-0.04189853,-0.08259996,-1.0690111,-0.50757074,-0.2669535,0.15562311,0.4165911,0.30526072,0.2681506,-0.260968,-0.20111294,-1.2018893,-1.3060371,-0.24899697,2.0386627,-0.2693477,-0.06344634,0.27398646,-3.630358,-3.9224505,-2.9635727,-5.8461914,-9.072378,-8.518121,-7.4703584,-8.392426,-6.80896,-6.8332014,-7.293337,-7.390601,-7.1833534,-8.952968,-7.214777,-7.4817305,-8.359205,-9.210344,-9.479692,-0.2964321,0.25782558,0.07466917,2.1516392,0.8025065,2.057068,-1.3510779,0.41584292,3.9616556,2.5143607,3.5737948,3.5067573,2.231845,0.47809216,3.5666122,2.1504421,0.56308633,3.290082,2.2282536,0.48647186,2.0301335,2.034922,-0.31738135,2.689736,2.6957214,7.6960115,2.2887073,1.8362031,2.2659624,2.309058,2.428768,2.9554923,2.701707,2.5365071,4.1394253,7.3129396,2.5005941,2.632275,2.9578865,3.0895677,0.13901334,2.0404584,1.9710265,3.031658,1.8273745,0.97623575,2.0871453,3.1054292,3.3007064,4.400393,3.3876457,4.898387,4.449175,4.0889974,3.271527,4.040066,3.6079123,5.0228853,4.7954364,2.915988,-0.17537527,0.7320272,0.030526072,0.99299514,-0.87089086,1.4969746,-1.6980876,-0.55126494,-1.845331,-2.4929626,-0.55365914,-0.9283517,-0.5081693,-3.0711622,-1.2156559,-2.1649568,-0.7260417,-0.3800795,-1.8309658,-1.3664906,9.516652,9.4735565,4.0291424,9.349058,9.412505,12.317868,9.420884,9.576508,9.496302,9.402928,9.424476,9.248502,9.486725,9.416096,7.3894043,6.4760165,9.405322,2.8703485,9.285612,9.235333,8.408437,7.533954,6.5259953,7.527969,4.4645877,1.8920178,1.2671312,-0.6561609,1.1758523,-1.4140754,0.3007716,-2.1279964,1.012897,-1.7981951,-0.8536825,-0.4801871,-1.215207,-0.028880058,0.3470096,-0.5077204,7.472902,9.044696,8.806473,5.5527525,10.792462,6.7905545,7.9792757,8.686762,6.072294,6.701969,7.445369,7.5734587,8.758589,8.446145,5.549161,6.746262,8.44016,6.523601,6.996456,9.140464
0.60453594,0.62847793,-10.589554,-0.049081136,-0.075417355,-2.0111294,-0.5291186,-0.24420857,0.14604631,0.45250413,0.30526072,0.2753332,-0.7469909,-0.16280572,0.89782566,-0.12210429,-0.16160862,1.2258313,-0.21188685,-0.06344634,-0.9745897,-4.51741,-4.7508445,-4.3749547,-7.608324,-8.259547,-7.785495,-7.2465005,-9.181314,-7.5260234,-8.044667,-6.3763576,-7.372645,-7.203704,-7.7043915,-7.4697595,-6.794595,-7.541586,-11.086202,-9.230695,-0.37663785,0.07347207,0.89827454,0.21113867,2.7226563,2.2521956,0.99643683,0.66005147,3.8431427,2.5514708,3.1081228,3.5797803,1.6285061,2.256984,3.1176996,2.5945663,-0.027084406,1.5710453,2.4640825,-0.004339491,2.0444987,2.0337248,4.1561847,2.716072,2.6969185,6.8580413,2.298284,1.8302176,2.2659624,2.3377883,2.428768,2.974646,2.107945,2.5736172,0.8701427,5.8644476,2.644246,1.5991771,2.963872,3.0261214,0.123451024,2.6366146,2.5013423,3.6709096,2.1015105,2.0931308,2.5432408,2.7415106,3.155857,4.7248073,4.623054,4.3896194,5.0525136,4.045902,3.2607532,4.4063787,4.024503,3.8437412,5.0336595,3.271527,0.011372458,1.0456676,-0.065242,0.13826515,0.98700964,-1.7292122,0.3286042,-2.939481,-2.9239187,-1.4598645,-3.8935704,-0.44951138,-1.2635399,-1.3916297,-3.3943794,-1.8620903,-4.1054573,-2.5540147,-3.9833531,-0.7308301,9.495105,9.498696,1.3787609,9.3622265,9.437644,19.6956,9.432856,12.686576,9.457994,9.453206,9.441236,9.291597,9.438841,9.2904005,9.7680435,11.999439,9.65791,-1.8821418,9.284415,9.235333,7.0784574,9.863512,6.854001,8.6496525,5.4881086,2.3361423,1.6837224,0.6498761,1.0214263,-1.4882957,0.5354034,-1.4037504,0.67651165,-1.4713866,-0.39279872,-0.19168578,-0.15577275,-1.9789573,-0.8524854,-1.3480852,7.6321163,9.648034,9.033921,10.184336,6.4469867,7.4058642,4.944625,6.367978,5.1660886,7.6452847,4.8500543,5.752668,7.041946,5.9825115,7.0826473,8.291719,4.7746367,6.4601545,7.1305313,8.18398
0.60693014,0.63087213,-8.8777,-0.035913024,-0.08140286,-1.1528081,-0.5398925,-0.23104046,0.17956513,0.4381389,0.30526072,0.2765303,-0.47884035,-0.20709845,-0.78529817,0.6667852,-0.29807812,-0.35673606,-0.22625206,-0.079008654,-2.4398413,-4.412065,-5.343409,-4.6407113,-9.822961,-8.412776,-9.354895,-8.276007,-8.864083,-9.023597,-9.652373,-7.6728177,-8.246529,-8.624662,-8.919449,-8.43582,-8.106617,-6.9334583,-10.334422,-9.312098,-0.49036244,-0.4688146,0.99045134,0.41704002,2.482039,1.460912,2.3240216,1.913416,0.89348614,2.8806736,1.9972131,0.9198224,2.256984,2.3898623,1.4812627,3.2086792,0.19677345,-0.7214029,2.3671174,-0.121655375,2.0289364,2.0409074,6.1481605,2.735226,2.6885388,1.2855366,2.297087,1.8242321,2.2695537,2.3677158,2.4347534,2.9782374,2.2875102,2.5556607,2.8489504,-0.8776246,2.833388,2.3437738,2.9542952,3.0440779,-0.28835166,3.3716345,3.1681273,4.9996915,2.083554,2.712032,2.8532898,3.7698202,3.3581672,5.8512793,6.397157,5.4131403,5.518186,4.8635216,4.101118,5.6872764,5.006126,3.4642603,3.6821325,2.607136,0.7260417,0.20290859,-1.0133458,1.1593921,-1.3676877,-1.9027919,-1.3245921,-0.98341835,-0.87927055,0.40521863,-2.3110032,0.002992752,-3.1944637,-2.3253684,-1.6753427,-1.264737,-1.7280151,-1.1522095,-3.8971617,-2.3983915,9.504682,9.522638,11.85459,9.340678,9.393352,7.9616184,9.428067,16.159365,9.461586,9.460389,9.448418,9.284415,9.499893,9.405322,9.7680435,0.9250597,13.566444,-6.3078237,9.293992,9.271247,6.0525417,6.6983776,6.8348475,5.8041434,3.031658,3.8696284,2.0548236,0.6151602,1.2237363,0.26306292,0.117615156,-0.319177,-0.12195465,-0.57715225,-0.7650971,0.7731775,0.67740947,-0.8261492,-0.6358102,-1.024868,7.602189,6.2925606,8.351574,9.687539,4.07553,8.502409,6.193201,4.646547,8.576629,6.257845,6.0363812,7.492056,5.4593782,5.7825956,8.106169,5.9956794,5.6269727,9.912594,7.851186,6.51163
0.60932434,0.61770403,0.10295067,-0.045489833,-0.089782566,1.6089035,-0.5410896,0.37110126,0.16160862,0.4333505,0.30765492,0.2825158,-0.4321534,-0.090979666,-0.092176765,0.78529817,0.23702596,-2.3116016,-0.25498247,-0.092176765,-3.0108583,-3.8015435,-4.8944964,-4.901679,-10.562769,-9.548824,-10.772262,-10.385299,-8.920346,-10.808474,-10.139594,-9.784504,-9.527427,-10.214413,-9.453356,-9.661652,-9.801712,-8.513632,-8.753052,-8.9936695,0.713921,0.75103116,2.292897,0.75581956,-0.005536592,3.1260793,1.1017817,3.1907227,1.5602713,2.3503578,2.9309518,0.120159,2.5562592,1.852364,1.6440684,3.2565632,1.8870798,-0.4173393,2.7406127,1.0000281,2.0325277,2.046893,3.2404025,2.7256489,2.702904,0.7647978,2.2946928,1.1119571,2.2587798,2.358139,2.406023,2.965069,2.2551885,2.6238954,2.3365912,0.064493805,2.6382606,4.101118,2.9614778,3.0476692,0.04563947,1.8680758,3.448249,2.1158757,0.98102415,2.44029,3.9677908,4.2785883,3.271976,6.397157,6.725163,6.987328,5.719299,5.3232083,4.9019785,5.4358854,6.027253,4.7691,2.2755392,3.5013704,0.40641573,1.4850036,2.2319946,-1.654992,-0.18974048,1.3772645,-0.99778354,-0.65900403,-0.9271546,-0.13706805,-2.2140381,0.74519527,-1.8992004,-2.2451627,-2.1960814,-2.983774,-1.6250644,-0.97623575,-0.96785605,0.12988544,9.520244,9.507075,9.498696,6.8255696,9.400534,9.307159,9.465178,9.456798,2.840421,9.4735565,9.425673,9.417294,9.327511,9.425673,9.383775,9.438841,7.363068,10.564116,-6.4981627,9.283217,7.1993647,5.641338,4.1102457,4.4633904,3.8792052,3.6098576,5.1170077,0.85772276,-0.2275988,-0.12539631,-0.8646061,-1.85401,-1.5797242,-1.2987047,-1.3253403,-0.41314942,0.14589667,0.5900211,-0.9805752,0.6426935,8.010401,7.617751,10.211869,6.8719573,5.4940944,9.3260145,5.510854,6.797737,4.923077,6.640917,6.249465,8.661623,6.273407,6.2662244,7.3088994,6.285378,6.2530565,6.2315083,8.5778265,6.9665284
0.60453594,0.62368953,0.5386954,-0.047884032,-0.108936176,-2.1296425,-0.5434838,-0.46327803,0.15322891,0.41299978,0.29328972,0.29807812,-0.4285621,-0.14963761,-0.20590134,-0.2789245,0.9935937,-2.6994624,-0.2621651,-0.075417355,-1.3947722,-3.381361,-4.734085,-3.0210335,-7.40362,-9.64579,-8.837747,-12.728025,-9.218425,-9.807697,-7.770531,-10.532692,-8.029853,-10.554389,-10.287735,-10.316465,-8.633342,-10.511593,-7.2052,-9.0020485,-0.20664953,1.6285061,2.7346272,1.4992192,0.10220248,3.3331776,1.747019,1.8499697,1.6213235,1.8056769,2.9752445,1.0072107,3.1727662,2.4569,1.747019,1.5303438,2.3335984,-0.710629,1.4357728,2.4485202,2.0265422,2.037316,-1.072752,2.7579708,2.7088895,1.7775451,2.2755392,2.7795186,2.274342,2.394052,2.416797,2.9758432,2.0911856,2.593968,2.3760955,3.5588312,0.4499603,4.7738886,2.9590836,3.0273185,1.4618098,1.0648212,1.4215573,2.9622262,0.84096336,2.0033484,2.9574378,4.2462664,3.5185788,4.269909,5.292233,6.0918965,4.883723,3.96809,5.9231052,4.436306,6.143372,5.094712,2.3856723,4.046051,1.4957775,-0.002992752,-0.599149,0.46507367,-0.005386954,-1.1665748,-0.53689975,-2.7910407,-3.8660371,-0.0724246,-2.7204118,-1.7459716,-2.4378958,-3.8229415,-2.9885623,-1.9339164,-3.3201592,-4.565144,-2.6030958,-1.5903485,9.544186,9.496302,9.498696,13.033734,9.401731,9.417294,9.09647,9.411307,10.572495,9.456798,9.42687,9.423279,9.304766,9.465178,9.370606,9.471163,17.989733,15.186122,-10.0547495,9.254487,7.1143703,5.5587378,4.420295,4.991312,3.4446578,2.2703018,3.2998085,1.1510124,0.20814592,1.635539,0.1074398,-0.8903438,-1.6144401,-0.52537763,-0.9470564,0.5553052,0.096815534,1.6626234,0.27877486,-0.24555531,7.472902,9.044696,8.806473,5.5527525,10.792462,6.7905545,7.9792757,8.686762,6.072294,6.701969,7.445369,7.5734587,8.758589,8.446145,5.549161,6.746262,8.44016,6.523601,6.996456,9.140464
